statistics_code,statistics_label,time_code,time_label,time,1_variable_code,1_variable_label,1_variable_attribute_code,1_variable_attribute_label,2_variable_code,2_variable_label,2_variable_attribute_code,2_variable_attribute_label,value,value_unit,value_variable_code,value_variable_label,
81000,National accounts of the Federation,JAHR,Year,2001,DINSG,Germany,DG,Germany,VGRPB5,Price base (current prices / price-adjusted),VGRJPM,At current prices (bn EUR),26.812,unit app.,VGR034,Changes in inv.,e
81000,National accounts of the Federation,JAHR,Year,2001,DINSG,Germany,DG,Germany,VGRPB5,Price base (current prices / price-adjusted),VGRJPM,At current prices (bn EUR),34.751,unit app.,VGR028,Final consumption expenditure of NPISHs,
81000,National accounts of the Federation,JAHR,Year,2001,DINSG,Germany,DG,Germany,VGRPB5,Price base (current prices / price-adjusted),VGRJPM,At current prices (bn EUR),34.284,unit app.,VGR022,Balance of exports and imports,
81000,National accounts of the Federation,JAHR,Year,2001,DINSG,Germany,DG,Germany,VGRPB5,Price base (current prices / price-adjusted),VGRJPM,At current prices (bn EUR),2161.246,unit app.,VGR038,Domestic uses,
81000,National accounts of the Federation,JAHR,Year,2001,DINSG,Germany,DG,Germany,VGRPB5,Price base (current prices / price-adjusted),VGRJPM,At current prices (bn EUR),68.172,unit app.,VGR042,GFCF in other products,
81000,National accounts of the Federation,JAHR,Year,2001,DINSG,Germany,DG,Germany,VGRPB5,Price base (current prices / price-adjusted),VGRJPM,At current prices (bn EUR),1485.258,unit app.,VGR094,Individual consumption,
81000,National accounts of the Federation,JAHR,Year,2001,DINSG,Germany,DG,Germany,VGRPB5,Price base (current prices / price-adjusted),VGRJPM,At current prices (bn EUR),1661.443,unit app.,VGR039,Final consumption expenditure,
81000,National accounts of the Federation,JAHR,Year,2001,DINSG,Germany,DG,Germany,VGRPB5,Price base (current prices / price-adjusted),VGRJPM,At current prices (bn EUR),246.467,unit app.,VGR018,Individual consumption expenditure of general gov.,
81000,National accounts of the Federation,JAHR,Year,2001,DINSG,Germany,DG,Germany,VGRPB5,Price base (current prices / price-adjusted),VGRJPM,At current prices (bn EUR),1204.04,unit app.,VGR026,Final consumption expenditure of households,
81000,National accounts of the Federation,JAHR,Year,2001,DINSG,Germany,DG,Germany,VGRPB5,Price base (current prices / price-adjusted),VGRJPM,At current prices (bn EUR),176.185,unit app.,VGR040,Collective consumption expenditure of gen. gov.,
81000,National accounts of the Federation,JAHR,Year,2001,DINSG,Germany,DG,Germany,VGRPB5,Price base (current prices / price-adjusted),VGRJPM,At current prices (bn EUR),231.541,unit app.,VGR009,GFCF in construction,
81000,National accounts of the Federation,JAHR,Year,2001,DINSG,Germany,DG,Germany,VGRPB5,Price base (current prices / price-adjusted),VGRJPM,At current prices (bn EUR),1238.791,unit app.,VGR035,Household final consumption expenditure,
81000,National accounts of the Federation,JAHR,Year,2001,DINSG,Germany,DG,Germany,VGRPB5,Price base (current prices / price-adjusted),VGRJPM,At current prices (bn EUR),472.991,unit app.,VGR041,Gross fixed capital formation (GFCF),
81000,National accounts of the Federation,JAHR,Year,2001,DINSG,Germany,DG,Germany,VGRPB5,Price base (current prices / price-adjusted),VGRJPM,At current prices (bn EUR),670.963,unit app.,EXP001,Exports of goods and services,
81000,National accounts of the Federation,JAHR,Year,2001,DINSG,Germany,DG,Germany,VGRPB5,Price base (current prices / price-adjusted),VGRJPM,At current prices (bn EUR),2195.53,unit app.,VGR014,Gross domestic product,
81000,National accounts of the Federation,JAHR,Year,2001,DINSG,Germany,DG,Germany,VGRPB5,Price base (current prices / price-adjusted),VGRJPM,At current prices (bn EUR),173.278,unit app.,VGR008,GFCF in machinery and equipment,
81000,National accounts of the Federation,JAHR,Year,2001,DINSG,Germany,DG,Germany,VGRPB5,Price base (current prices / price-adjusted),VGRJPM,At current prices (bn EUR),422.652,unit app.,VGR015,Government final consumption expenditure,
81000,National accounts of the Federation,JAHR,Year,2001,DINSG,Germany,DG,Germany,VGRPB5,Price base (current prices / price-adjusted),VGRJPM,At current prices (bn EUR),636.679,unit app.,IMP001,Imports of goods and services,
81000,National accounts of the Federation,JAHR,Year,2001,DINSG,Germany,DG,Germany,VGRPB5,Price base (current prices / price-adjusted),VGRJPM,At current prices (bn EUR),499.803,unit app.,VGR012,Gross capital formation,
81000,National accounts of the Federation,JAHR,Year,2012,DINSG,Germany,DG,Germany,VGRPB5,Price base (current prices / price-adjusted),VGRJPM,At current prices (bn EUR),-13.824,unit app.,VGR034,Changes in inv.,e
81000,National accounts of the Federation,JAHR,Year,2012,DINSG,Germany,DG,Germany,VGRPB5,Price base (current prices / price-adjusted),VGRJPM,At current prices (bn EUR),42.84,unit app.,VGR028,Final consumption expenditure of NPISHs,
81000,National accounts of the Federation,JAHR,Year,2012,DINSG,Germany,DG,Germany,VGRPB5,Price base (current prices / price-adjusted),VGRJPM,At current prices (bn EUR),169.063,unit app.,VGR022,Balance of exports and imports,
81000,National accounts of the Federation,JAHR,Year,2012,DINSG,Germany,DG,Germany,VGRPB5,Price base (current prices / price-adjusted),VGRJPM,At current prices (bn EUR),2630.217,unit app.,VGR038,Domestic uses,
81000,National accounts of the Federation,JAHR,Year,2012,DINSG,Germany,DG,Germany,VGRPB5,Price base (current prices / price-adjusted),VGRJPM,At current prices (bn EUR),92.858,unit app.,VGR042,GFCF in other products,
81000,National accounts of the Federation,JAHR,Year,2012,DINSG,Germany,DG,Germany,VGRPB5,Price base (current prices / price-adjusted),VGRJPM,At current prices (bn EUR),1875.9,unit app.,VGR094,Individual consumption,
81000,National accounts of the Federation,JAHR,Year,2012,DINSG,Germany,DG,Germany,VGRPB5,Price base (current prices / price-adjusted),VGRJPM,At current prices (bn EUR),2085.128,unit app.,VGR039,Final consumption expenditure,
81000,National accounts of the Federation,JAHR,Year,2012,DINSG,Germany,DG,Germany,VGRPB5,Price base (current prices / price-adjusted),VGRJPM,At current prices (bn EUR),329.642,unit app.,VGR018,Individual consumption expenditure of general gov.,
81000,National accounts of the Federation,JAHR,Year,2012,DINSG,Germany,DG,Germany,VGRPB5,Price base (current prices / price-adjusted),VGRJPM,At current prices (bn EUR),1503.418,unit app.,VGR026,Final consumption expenditure of households,
81000,National accounts of the Federation,JAHR,Year,2012,DINSG,Germany,DG,Germany,VGRPB5,Price base (current prices / price-adjusted),VGRJPM,At current prices (bn EUR),209.228,unit app.,VGR040,Collective consumption expenditure of gen. gov.,
81000,National accounts of the Federation,JAHR,Year,2012,DINSG,Germany,DG,Germany,VGRPB5,Price base (current prices / price-adjusted),VGRJPM,At current prices (bn EUR),274.098,unit app.,VGR009,GFCF in construction,
81000,National accounts of the Federation,JAHR,Year,2012,DINSG,Germany,DG,Germany,VGRPB5,Price base (current prices / price-adjusted),VGRJPM,At current prices (bn EUR),1546.258,unit app.,VGR035,Household final consumption expenditure,
81000,National accounts of the Federation,JAHR,Year,2012,DINSG,Germany,DG,Germany,VGRPB5,Price base (current prices / price-adjusted),VGRJPM,At current prices (bn EUR),558.913,unit app.,VGR041,Gross fixed capital formation (GFCF),
81000,National accounts of the Federation,JAHR,Year,2012,DINSG,Germany,DG,Germany,VGRPB5,Price base (current prices / price-adjusted),VGRJPM,At current prices (bn EUR),1194.889,unit app.,EXP001,Exports of goods and services,
81000,National accounts of the Federation,JAHR,Year,2012,DINSG,Germany,DG,Germany,VGRPB5,Price base (current prices / price-adjusted),VGRJPM,At current prices (bn EUR),2799.28,unit app.,VGR014,Gross domestic product,
81000,National accounts of the Federation,JAHR,Year,2012,DINSG,Germany,DG,Germany,VGRPB5,Price base (current prices / price-adjusted),VGRJPM,At current prices (bn EUR),191.957,unit app.,VGR008,GFCF in machinery and equipment,
81000,National accounts of the Federation,JAHR,Year,2012,DINSG,Germany,DG,Germany,VGRPB5,Price base (current prices / price-adjusted),VGRJPM,At current prices (bn EUR),538.87,unit app.,VGR015,Government final consumption expenditure,
81000,National accounts of the Federation,JAHR,Year,2012,DINSG,Germany,DG,Germany,VGRPB5,Price base (current prices / price-adjusted),VGRJPM,At current prices (bn EUR),1025.826,unit app.,IMP001,Imports of goods and services,
81000,National accounts of the Federation,JAHR,Year,2012,DINSG,Germany,DG,Germany,VGRPB5,Price base (current prices / price-adjusted),VGRJPM,At current prices (bn EUR),545.089,unit app.,VGR012,Gross capital formation,
81000,National accounts of the Federation,JAHR,Year,2023,DINSG,Germany,DG,Germany,VGRPB5,Price base (current prices / price-adjusted),VGRJPM,At current prices (bn EUR),33.864,unit app.,VGR034,Changes in inv.,p
81000,National accounts of the Federation,JAHR,Year,2023,DINSG,Germany,DG,Germany,VGRPB5,Price base (current prices / price-adjusted),VGRJPM,At current prices (bn EUR),59.185,unit app.,VGR028,Final consumption expenditure of NPISHs,
81000,National accounts of the Federation,JAHR,Year,2023,DINSG,Germany,DG,Germany,VGRPB5,Price base (current prices / price-adjusted),VGRJPM,At current prices (bn EUR),167.59,unit app.,VGR022,Balance of exports and imports,
81000,National accounts of the Federation,JAHR,Year,2023,DINSG,Germany,DG,Germany,VGRPB5,Price base (current prices / price-adjusted),VGRJPM,At current prices (bn EUR),4051.72,unit app.,VGR038,Domestic uses,
81000,National accounts of the Federation,JAHR,Year,2023,DINSG,Germany,DG,Germany,VGRPB5,Price base (current prices / price-adjusted),VGRJPM,At current prices (bn EUR),163.725,unit app.,VGR042,GFCF in other products,
81000,National accounts of the Federation,JAHR,Year,2023,DINSG,Germany,DG,Germany,VGRPB5,Price base (current prices / price-adjusted),VGRJPM,At current prices (bn EUR),2769.842,unit app.,VGR094,Individual consumption,
81000,National accounts of the Federation,JAHR,Year,2023,DINSG,Germany,DG,Germany,VGRPB5,Price base (current prices / price-adjusted),VGRJPM,At current prices (bn EUR),3123.713,unit app.,VGR039,Final consumption expenditure,
81000,National accounts of the Federation,JAHR,Year,2023,DINSG,Germany,DG,Germany,VGRPB5,Price base (current prices / price-adjusted),VGRJPM,At current prices (bn EUR),551.331,unit app.,VGR018,Individual consumption expenditure of general gov.,
81000,National accounts of the Federation,JAHR,Year,2023,DINSG,Germany,DG,Germany,VGRPB5,Price base (current prices / price-adjusted),VGRJPM,At current prices (bn EUR),2159.326,unit app.,VGR026,Final consumption expenditure of households,
81000,National accounts of the Federation,JAHR,Year,2023,DINSG,Germany,DG,Germany,VGRPB5,Price base (current prices / price-adjusted),VGRJPM,At current prices (bn EUR),353.871,unit app.,VGR040,Collective consumption expenditure of gen. gov.,
81000,National accounts of the Federation,JAHR,Year,2023,DINSG,Germany,DG,Germany,VGRPB5,Price base (current prices / price-adjusted),VGRJPM,At current prices (bn EUR),453.008,unit app.,VGR009,GFCF in construction,
81000,National accounts of the Federation,JAHR,Year,2023,DINSG,Germany,DG,Germany,VGRPB5,Price base (current prices / price-adjusted),VGRJPM,At current prices (bn EUR),2218.511,unit app.,VGR035,Household final consumption expenditure,
81000,National accounts of the Federation,JAHR,Year,2023,DINSG,Germany,DG,Germany,VGRPB5,Price base (current prices / price-adjusted),VGRJPM,At current prices (bn EUR),894.143,unit app.,VGR041,Gross fixed capital formation (GFCF),
81000,National accounts of the Federation,JAHR,Year,2023,DINSG,Germany,DG,Germany,VGRPB5,Price base (current prices / price-adjusted),VGRJPM,At current prices (bn EUR),1812.922,unit app.,EXP001,Exports of goods and services,
81000,National accounts of the Federation,JAHR,Year,2023,DINSG,Germany,DG,Germany,VGRPB5,Price base (current prices / price-adjusted),VGRJPM,At current prices (bn EUR),4219.31,unit app.,VGR014,Gross domestic product,
81000,National accounts of the Federation,JAHR,Year,2023,DINSG,Germany,DG,Germany,VGRPB5,Price base (current prices / price-adjusted),VGRJPM,At current prices (bn EUR),277.41,unit app.,VGR008,GFCF in machinery and equipment,
81000,National accounts of the Federation,JAHR,Year,2023,DINSG,Germany,DG,Germany,VGRPB5,Price base (current prices / price-adjusted),VGRJPM,At current prices (bn EUR),905.202,unit app.,VGR015,Government final consumption expenditure,
81000,National accounts of the Federation,JAHR,Year,2023,DINSG,Germany,DG,Germany,VGRPB5,Price base (current prices / price-adjusted),VGRJPM,At current prices (bn EUR),1645.332,unit app.,IMP001,Imports of goods and services,
81000,National accounts of the Federation,JAHR,Year,2023,DINSG,Germany,DG,Germany,VGRPB5,Price base (current prices / price-adjusted),VGRJPM,At current prices (bn EUR),928.007,unit app.,VGR012,Gross capital formation,
81000,National accounts of the Federation,JAHR,Year,2024,DINSG,Germany,DG,Germany,VGRPB5,Price base (current prices / price-adjusted),VGRJPM,At current prices (bn EUR),44.983,unit app.,VGR034,Changes in inv.,p
81000,National accounts of the Federation,JAHR,Year,2024,DINSG,Germany,DG,Germany,VGRPB5,Price base (current prices / price-adjusted),VGRJPM,At current prices (bn EUR),61.495,unit app.,VGR028,Final consumption expenditure of NPISHs,
81000,National accounts of the Federation,JAHR,Year,2024,DINSG,Germany,DG,Germany,VGRPB5,Price base (current prices / price-adjusted),VGRJPM,At current prices (bn EUR),163.522,unit app.,VGR022,Balance of exports and imports,
81000,National accounts of the Federation,JAHR,Year,2024,DINSG,Germany,DG,Germany,VGRPB5,Price base (current prices / price-adjusted),VGRJPM,At current prices (bn EUR),4165.448,unit app.,VGR038,Domestic uses,
81000,National accounts of the Federation,JAHR,Year,2024,DINSG,Germany,DG,Germany,VGRPB5,Price base (current prices / price-adjusted),VGRJPM,At current prices (bn EUR),167.962,unit app.,VGR042,GFCF in other products,
81000,National accounts of the Federation,JAHR,Year,2024,DINSG,Germany,DG,Germany,VGRPB5,Price base (current prices / price-adjusted),VGRJPM,At current prices (bn EUR),2869.334,unit app.,VGR094,Individual consumption,
81000,National accounts of the Federation,JAHR,Year,2024,DINSG,Germany,DG,Germany,VGRPB5,Price base (current prices / price-adjusted),VGRJPM,At current prices (bn EUR),3234.744,unit app.,VGR039,Final consumption expenditure,
81000,National accounts of the Federation,JAHR,Year,2024,DINSG,Germany,DG,Germany,VGRPB5,Price base (current prices / price-adjusted),VGRJPM,At current prices (bn EUR),586.372,unit app.,VGR018,Individual consumption expenditure of general gov.,
81000,National accounts of the Federation,JAHR,Year,2024,DINSG,Germany,DG,Germany,VGRPB5,Price base (current prices / price-adjusted),VGRJPM,At current prices (bn EUR),2221.467,unit app.,VGR026,Final consumption expenditure of households,
81000,National accounts of the Federation,JAHR,Year,2024,DINSG,Germany,DG,Germany,VGRPB5,Price base (current prices / price-adjusted),VGRJPM,At current prices (bn EUR),365.41,unit app.,VGR040,Collective consumption expenditure of gen. gov.,
81000,National accounts of the Federation,JAHR,Year,2024,DINSG,Germany,DG,Germany,VGRPB5,Price base (current prices / price-adjusted),VGRJPM,At current prices (bn EUR),450.662,unit app.,VGR009,GFCF in construction,
81000,National accounts of the Federation,JAHR,Year,2024,DINSG,Germany,DG,Germany,VGRPB5,Price base (current prices / price-adjusted),VGRJPM,At current prices (bn EUR),2282.962,unit app.,VGR035,Household final consumption expenditure,
81000,National accounts of the Federation,JAHR,Year,2024,DINSG,Germany,DG,Germany,VGRPB5,Price base (current prices / price-adjusted),VGRJPM,At current prices (bn EUR),885.721,unit app.,VGR041,Gross fixed capital formation (GFCF),
81000,National accounts of the Federation,JAHR,Year,2024,DINSG,Germany,DG,Germany,VGRPB5,Price base (current prices / price-adjusted),VGRJPM,At current prices (bn EUR),1793.668,unit app.,EXP001,Exports of goods and services,
81000,National accounts of the Federation,JAHR,Year,2024,DINSG,Germany,DG,Germany,VGRPB5,Price base (current prices / price-adjusted),VGRJPM,At current prices (bn EUR),4328.97,unit app.,VGR014,Gross domestic product,
81000,National accounts of the Federation,JAHR,Year,2024,DINSG,Germany,DG,Germany,VGRPB5,Price base (current prices / price-adjusted),VGRJPM,At current prices (bn EUR),267.097,unit app.,VGR008,GFCF in machinery and equipment,
81000,National accounts of the Federation,JAHR,Year,2024,DINSG,Germany,DG,Germany,VGRPB5,Price base (current prices / price-adjusted),VGRJPM,At current prices (bn EUR),951.782,unit app.,VGR015,Government final consumption expenditure,
81000,National accounts of the Federation,JAHR,Year,2024,DINSG,Germany,DG,Germany,VGRPB5,Price base (current prices / price-adjusted),VGRJPM,At current prices (bn EUR),1630.146,unit app.,IMP001,Imports of goods and services,
81000,National accounts of the Federation,JAHR,Year,2024,DINSG,Germany,DG,Germany,VGRPB5,Price base (current prices / price-adjusted),VGRJPM,At current prices (bn EUR),930.704,unit app.,VGR012,Gross capital formation,
81000,National accounts of the Federation,JAHR,Year,1997,DINSG,Germany,DG,Germany,VGRPB5,Price base (current prices / price-adjusted),VGRJPM,At current prices (bn EUR),16.375,unit app.,VGR034,Changes in inv.,e
81000,National accounts of the Federation,JAHR,Year,1997,DINSG,Germany,DG,Germany,VGRPB5,Price base (current prices / price-adjusted),VGRJPM,At current prices (bn EUR),29.858,unit app.,VGR028,Final consumption expenditure of NPISHs,
81000,National accounts of the Federation,JAHR,Year,1997,DINSG,Germany,DG,Germany,VGRPB5,Price base (current prices / price-adjusted),VGRJPM,At current prices (bn EUR),20.114,unit app.,VGR022,Balance of exports and imports,
81000,National accounts of the Federation,JAHR,Year,1997,DINSG,Germany,DG,Germany,VGRPB5,Price base (current prices / price-adjusted),VGRJPM,At current prices (bn EUR),1947.066,unit app.,VGR038,Domestic uses,
81000,National accounts of the Federation,JAHR,Year,1997,DINSG,Germany,DG,Germany,VGRPB5,Price base (current prices / price-adjusted),VGRJPM,At current prices (bn EUR),53.823,unit app.,VGR042,GFCF in other products,
81000,National accounts of the Federation,JAHR,Year,1997,DINSG,Germany,DG,Germany,VGRPB5,Price base (current prices / price-adjusted),VGRJPM,At current prices (bn EUR),1328.51,unit app.,VGR094,Individual consumption,
81000,National accounts of the Federation,JAHR,Year,1997,DINSG,Germany,DG,Germany,VGRPB5,Price base (current prices / price-adjusted),VGRJPM,At current prices (bn EUR),1486.647,unit app.,VGR039,Final consumption expenditure,
81000,National accounts of the Federation,JAHR,Year,1997,DINSG,Germany,DG,Germany,VGRPB5,Price base (current prices / price-adjusted),VGRJPM,At current prices (bn EUR),226.456,unit app.,VGR018,Individual consumption expenditure of general gov.,
81000,National accounts of the Federation,JAHR,Year,1997,DINSG,Germany,DG,Germany,VGRPB5,Price base (current prices / price-adjusted),VGRJPM,At current prices (bn EUR),1072.196,unit app.,VGR026,Final consumption expenditure of households,
81000,National accounts of the Federation,JAHR,Year,1997,DINSG,Germany,DG,Germany,VGRPB5,Price base (current prices / price-adjusted),VGRJPM,At current prices (bn EUR),158.137,unit app.,VGR040,Collective consumption expenditure of gen. gov.,
81000,National accounts of the Federation,JAHR,Year,1997,DINSG,Germany,DG,Germany,VGRPB5,Price base (current prices / price-adjusted),VGRJPM,At current prices (bn EUR),249.411,unit app.,VGR009,GFCF in construction,
81000,National accounts of the Federation,JAHR,Year,1997,DINSG,Germany,DG,Germany,VGRPB5,Price base (current prices / price-adjusted),VGRJPM,At current prices (bn EUR),1102.054,unit app.,VGR035,Household final consumption expenditure,
81000,National accounts of the Federation,JAHR,Year,1997,DINSG,Germany,DG,Germany,VGRPB5,Price base (current prices / price-adjusted),VGRJPM,At current prices (bn EUR),444.044,unit app.,VGR041,Gross fixed capital formation (GFCF),
81000,National accounts of the Federation,JAHR,Year,1997,DINSG,Germany,DG,Germany,VGRPB5,Price base (current prices / price-adjusted),VGRJPM,At current prices (bn EUR),485.921,unit app.,EXP001,Exports of goods and services,
81000,National accounts of the Federation,JAHR,Year,1997,DINSG,Germany,DG,Germany,VGRPB5,Price base (current prices / price-adjusted),VGRJPM,At current prices (bn EUR),1967.18,unit app.,VGR014,Gross domestic product,
81000,National accounts of the Federation,JAHR,Year,1997,DINSG,Germany,DG,Germany,VGRPB5,Price base (current prices / price-adjusted),VGRJPM,At current prices (bn EUR),140.81,unit app.,VGR008,GFCF in machinery and equipment,
81000,National accounts of the Federation,JAHR,Year,1997,DINSG,Germany,DG,Germany,VGRPB5,Price base (current prices / price-adjusted),VGRJPM,At current prices (bn EUR),384.593,unit app.,VGR015,Government final consumption expenditure,
81000,National accounts of the Federation,JAHR,Year,1997,DINSG,Germany,DG,Germany,VGRPB5,Price base (current prices / price-adjusted),VGRJPM,At current prices (bn EUR),465.807,unit app.,IMP001,Imports of goods and services,
81000,National accounts of the Federation,JAHR,Year,1997,DINSG,Germany,DG,Germany,VGRPB5,Price base (current prices / price-adjusted),VGRJPM,At current prices (bn EUR),460.419,unit app.,VGR012,Gross capital formation,
81000,National accounts of the Federation,JAHR,Year,2022,DINSG,Germany,DG,Germany,VGRPB5,Price base (current prices / price-adjusted),VGRJPM,At current prices (bn EUR),66.821,unit app.,VGR034,Changes in inv.,p
81000,National accounts of the Federation,JAHR,Year,2022,DINSG,Germany,DG,Germany,VGRPB5,Price base (current prices / price-adjusted),VGRJPM,At current prices (bn EUR),57.926,unit app.,VGR028,Final consumption expenditure of NPISHs,
81000,National accounts of the Federation,JAHR,Year,2022,DINSG,Germany,DG,Germany,VGRPB5,Price base (current prices / price-adjusted),VGRJPM,At current prices (bn EUR),98.58,unit app.,VGR022,Balance of exports and imports,
81000,National accounts of the Federation,JAHR,Year,2022,DINSG,Germany,DG,Germany,VGRPB5,Price base (current prices / price-adjusted),VGRJPM,At current prices (bn EUR),3890.81,unit app.,VGR038,Domestic uses,
81000,National accounts of the Federation,JAHR,Year,2022,DINSG,Germany,DG,Germany,VGRPB5,Price base (current prices / price-adjusted),VGRJPM,At current prices (bn EUR),151.233,unit app.,VGR042,GFCF in other products,
81000,National accounts of the Federation,JAHR,Year,2022,DINSG,Germany,DG,Germany,VGRPB5,Price base (current prices / price-adjusted),VGRJPM,At current prices (bn EUR),2636.506,unit app.,VGR094,Individual consumption,
81000,National accounts of the Federation,JAHR,Year,2022,DINSG,Germany,DG,Germany,VGRPB5,Price base (current prices / price-adjusted),VGRJPM,At current prices (bn EUR),2962.239,unit app.,VGR039,Final consumption expenditure,
81000,National accounts of the Federation,JAHR,Year,2022,DINSG,Germany,DG,Germany,VGRPB5,Price base (current prices / price-adjusted),VGRJPM,At current prices (bn EUR),542.477,unit app.,VGR018,Individual consumption expenditure of general gov.,
81000,National accounts of the Federation,JAHR,Year,2022,DINSG,Germany,DG,Germany,VGRPB5,Price base (current prices / price-adjusted),VGRJPM,At current prices (bn EUR),2036.103,unit app.,VGR026,Final consumption expenditure of households,
81000,National accounts of the Federation,JAHR,Year,2022,DINSG,Germany,DG,Germany,VGRPB5,Price base (current prices / price-adjusted),VGRJPM,At current prices (bn EUR),325.733,unit app.,VGR040,Collective consumption expenditure of gen. gov.,
81000,National accounts of the Federation,JAHR,Year,2022,DINSG,Germany,DG,Germany,VGRPB5,Price base (current prices / price-adjusted),VGRJPM,At current prices (bn EUR),446.567,unit app.,VGR009,GFCF in construction,
81000,National accounts of the Federation,JAHR,Year,2022,DINSG,Germany,DG,Germany,VGRPB5,Price base (current prices / price-adjusted),VGRJPM,At current prices (bn EUR),2094.029,unit app.,VGR035,Household final consumption expenditure,
81000,National accounts of the Federation,JAHR,Year,2022,DINSG,Germany,DG,Germany,VGRPB5,Price base (current prices / price-adjusted),VGRJPM,At current prices (bn EUR),861.75,unit app.,VGR041,Gross fixed capital formation (GFCF),
81000,National accounts of the Federation,JAHR,Year,2022,DINSG,Germany,DG,Germany,VGRPB5,Price base (current prices / price-adjusted),VGRJPM,At current prices (bn EUR),1820.295,unit app.,EXP001,Exports of goods and services,
81000,National accounts of the Federation,JAHR,Year,2022,DINSG,Germany,DG,Germany,VGRPB5,Price base (current prices / price-adjusted),VGRJPM,At current prices (bn EUR),3989.39,unit app.,VGR014,Gross domestic product,
81000,National accounts of the Federation,JAHR,Year,2022,DINSG,Germany,DG,Germany,VGRPB5,Price base (current prices / price-adjusted),VGRJPM,At current prices (bn EUR),263.95,unit app.,VGR008,GFCF in machinery and equipment,
81000,National accounts of the Federation,JAHR,Year,2022,DINSG,Germany,DG,Germany,VGRPB5,Price base (current prices / price-adjusted),VGRJPM,At current prices (bn EUR),868.21,unit app.,VGR015,Government final consumption expenditure,
81000,National accounts of the Federation,JAHR,Year,2022,DINSG,Germany,DG,Germany,VGRPB5,Price base (current prices / price-adjusted),VGRJPM,At current prices (bn EUR),1721.715,unit app.,IMP001,Imports of goods and services,
81000,National accounts of the Federation,JAHR,Year,2022,DINSG,Germany,DG,Germany,VGRPB5,Price base (current prices / price-adjusted),VGRJPM,At current prices (bn EUR),928.571,unit app.,VGR012,Gross capital formation,
81000,National accounts of the Federation,JAHR,Year,1996,DINSG,Germany,DG,Germany,VGRPB5,Price base (current prices / price-adjusted),VGRJPM,At current prices (bn EUR),10.173,unit app.,VGR034,Changes in inv.,e
81000,National accounts of the Federation,JAHR,Year,1996,DINSG,Germany,DG,Germany,VGRPB5,Price base (current prices / price-adjusted),VGRJPM,At current prices (bn EUR),28.722,unit app.,VGR028,Final consumption expenditure of NPISHs,
81000,National accounts of the Federation,JAHR,Year,1996,DINSG,Germany,DG,Germany,VGRPB5,Price base (current prices / price-adjusted),VGRJPM,At current prices (bn EUR),12.743,unit app.,VGR022,Balance of exports and imports,
81000,National accounts of the Federation,JAHR,Year,1996,DINSG,Germany,DG,Germany,VGRPB5,Price base (current prices / price-adjusted),VGRJPM,At current prices (bn EUR),1915.817,unit app.,VGR038,Domestic uses,
81000,National accounts of the Federation,JAHR,Year,1996,DINSG,Germany,DG,Germany,VGRPB5,Price base (current prices / price-adjusted),VGRJPM,At current prices (bn EUR),52.904,unit app.,VGR042,GFCF in other products,
81000,National accounts of the Federation,JAHR,Year,1996,DINSG,Germany,DG,Germany,VGRPB5,Price base (current prices / price-adjusted),VGRJPM,At current prices (bn EUR),1304.97,unit app.,VGR094,Individual consumption,
81000,National accounts of the Federation,JAHR,Year,1996,DINSG,Germany,DG,Germany,VGRPB5,Price base (current prices / price-adjusted),VGRJPM,At current prices (bn EUR),1463.369,unit app.,VGR039,Final consumption expenditure,
81000,National accounts of the Federation,JAHR,Year,1996,DINSG,Germany,DG,Germany,VGRPB5,Price base (current prices / price-adjusted),VGRJPM,At current prices (bn EUR),225.105,unit app.,VGR018,Individual consumption expenditure of general gov.,
81000,National accounts of the Federation,JAHR,Year,1996,DINSG,Germany,DG,Germany,VGRPB5,Price base (current prices / price-adjusted),VGRJPM,At current prices (bn EUR),1051.143,unit app.,VGR026,Final consumption expenditure of households,
81000,National accounts of the Federation,JAHR,Year,1996,DINSG,Germany,DG,Germany,VGRPB5,Price base (current prices / price-adjusted),VGRJPM,At current prices (bn EUR),158.399,unit app.,VGR040,Collective consumption expenditure of gen. gov.,
81000,National accounts of the Federation,JAHR,Year,1996,DINSG,Germany,DG,Germany,VGRPB5,Price base (current prices / price-adjusted),VGRJPM,At current prices (bn EUR),253.155,unit app.,VGR009,GFCF in construction,
81000,National accounts of the Federation,JAHR,Year,1996,DINSG,Germany,DG,Germany,VGRPB5,Price base (current prices / price-adjusted),VGRJPM,At current prices (bn EUR),1079.865,unit app.,VGR035,Household final consumption expenditure,
81000,National accounts of the Federation,JAHR,Year,1996,DINSG,Germany,DG,Germany,VGRPB5,Price base (current prices / price-adjusted),VGRJPM,At current prices (bn EUR),442.275,unit app.,VGR041,Gross fixed capital formation (GFCF),
81000,National accounts of the Federation,JAHR,Year,1996,DINSG,Germany,DG,Germany,VGRPB5,Price base (current prices / price-adjusted),VGRJPM,At current prices (bn EUR),429.725,unit app.,EXP001,Exports of goods and services,
81000,National accounts of the Federation,JAHR,Year,1996,DINSG,Germany,DG,Germany,VGRPB5,Price base (current prices / price-adjusted),VGRJPM,At current prices (bn EUR),1928.56,unit app.,VGR014,Gross domestic product,
81000,National accounts of the Federation,JAHR,Year,1996,DINSG,Germany,DG,Germany,VGRPB5,Price base (current prices / price-adjusted),VGRJPM,At current prices (bn EUR),136.216,unit app.,VGR008,GFCF in machinery and equipment,
81000,National accounts of the Federation,JAHR,Year,1996,DINSG,Germany,DG,Germany,VGRPB5,Price base (current prices / price-adjusted),VGRJPM,At current prices (bn EUR),383.504,unit app.,VGR015,Government final consumption expenditure,
81000,National accounts of the Federation,JAHR,Year,1996,DINSG,Germany,DG,Germany,VGRPB5,Price base (current prices / price-adjusted),VGRJPM,At current prices (bn EUR),416.982,unit app.,IMP001,Imports of goods and services,
81000,National accounts of the Federation,JAHR,Year,1996,DINSG,Germany,DG,Germany,VGRPB5,Price base (current prices / price-adjusted),VGRJPM,At current prices (bn EUR),452.448,unit app.,VGR012,Gross capital formation,
81000,National accounts of the Federation,JAHR,Year,2013,DINSG,Germany,DG,Germany,VGRPB5,Price base (current prices / price-adjusted),VGRJPM,At current prices (bn EUR),6.055,unit app.,VGR034,Changes in inv.,e
81000,National accounts of the Federation,JAHR,Year,2013,DINSG,Germany,DG,Germany,VGRPB5,Price base (current prices / price-adjusted),VGRJPM,At current prices (bn EUR),42.902,unit app.,VGR028,Final consumption expenditure of NPISHs,
81000,National accounts of the Federation,JAHR,Year,2013,DINSG,Germany,DG,Germany,VGRPB5,Price base (current prices / price-adjusted),VGRJPM,At current prices (bn EUR),165.526,unit app.,VGR022,Balance of exports and imports,
81000,National accounts of the Federation,JAHR,Year,2013,DINSG,Germany,DG,Germany,VGRPB5,Price base (current prices / price-adjusted),VGRJPM,At current prices (bn EUR),2700.954,unit app.,VGR038,Domestic uses,
81000,National accounts of the Federation,JAHR,Year,2013,DINSG,Germany,DG,Germany,VGRPB5,Price base (current prices / price-adjusted),VGRJPM,At current prices (bn EUR),94.303,unit app.,VGR042,GFCF in other products,
81000,National accounts of the Federation,JAHR,Year,2013,DINSG,Germany,DG,Germany,VGRPB5,Price base (current prices / price-adjusted),VGRJPM,At current prices (bn EUR),1918.802,unit app.,VGR094,Individual consumption,
81000,National accounts of the Federation,JAHR,Year,2013,DINSG,Germany,DG,Germany,VGRPB5,Price base (current prices / price-adjusted),VGRJPM,At current prices (bn EUR),2133.724,unit app.,VGR039,Final consumption expenditure,
81000,National accounts of the Federation,JAHR,Year,2013,DINSG,Germany,DG,Germany,VGRPB5,Price base (current prices / price-adjusted),VGRJPM,At current prices (bn EUR),347.053,unit app.,VGR018,Individual consumption expenditure of general gov.,
81000,National accounts of the Federation,JAHR,Year,2013,DINSG,Germany,DG,Germany,VGRPB5,Price base (current prices / price-adjusted),VGRJPM,At current prices (bn EUR),1528.847,unit app.,VGR026,Final consumption expenditure of households,
81000,National accounts of the Federation,JAHR,Year,2013,DINSG,Germany,DG,Germany,VGRPB5,Price base (current prices / price-adjusted),VGRJPM,At current prices (bn EUR),214.922,unit app.,VGR040,Collective consumption expenditure of gen. gov.,
81000,National accounts of the Federation,JAHR,Year,2013,DINSG,Germany,DG,Germany,VGRPB5,Price base (current prices / price-adjusted),VGRJPM,At current prices (bn EUR),278.061,unit app.,VGR009,GFCF in construction,
81000,National accounts of the Federation,JAHR,Year,2013,DINSG,Germany,DG,Germany,VGRPB5,Price base (current prices / price-adjusted),VGRJPM,At current prices (bn EUR),1571.749,unit app.,VGR035,Household final consumption expenditure,
81000,National accounts of the Federation,JAHR,Year,2013,DINSG,Germany,DG,Germany,VGRPB5,Price base (current prices / price-adjusted),VGRJPM,At current prices (bn EUR),561.175,unit app.,VGR041,Gross fixed capital formation (GFCF),
81000,National accounts of the Federation,JAHR,Year,2013,DINSG,Germany,DG,Germany,VGRPB5,Price base (current prices / price-adjusted),VGRJPM,At current prices (bn EUR),1194.757,unit app.,EXP001,Exports of goods and services,
81000,National accounts of the Federation,JAHR,Year,2013,DINSG,Germany,DG,Germany,VGRPB5,Price base (current prices / price-adjusted),VGRJPM,At current prices (bn EUR),2866.48,unit app.,VGR014,Gross domestic product,
81000,National accounts of the Federation,JAHR,Year,2013,DINSG,Germany,DG,Germany,VGRPB5,Price base (current prices / price-adjusted),VGRJPM,At current prices (bn EUR),188.811,unit app.,VGR008,GFCF in machinery and equipment,
81000,National accounts of the Federation,JAHR,Year,2013,DINSG,Germany,DG,Germany,VGRPB5,Price base (current prices / price-adjusted),VGRJPM,At current prices (bn EUR),561.975,unit app.,VGR015,Government final consumption expenditure,
81000,National accounts of the Federation,JAHR,Year,2013,DINSG,Germany,DG,Germany,VGRPB5,Price base (current prices / price-adjusted),VGRJPM,At current prices (bn EUR),1029.231,unit app.,IMP001,Imports of goods and services,
81000,National accounts of the Federation,JAHR,Year,2013,DINSG,Germany,DG,Germany,VGRPB5,Price base (current prices / price-adjusted),VGRJPM,At current prices (bn EUR),567.23,unit app.,VGR012,Gross capital formation,
81000,National accounts of the Federation,JAHR,Year,2014,DINSG,Germany,DG,Germany,VGRPB5,Price base (current prices / price-adjusted),VGRJPM,At current prices (bn EUR),10.652,unit app.,VGR034,Changes in inv.,e
81000,National accounts of the Federation,JAHR,Year,2014,DINSG,Germany,DG,Germany,VGRPB5,Price base (current prices / price-adjusted),VGRJPM,At current prices (bn EUR),44.374,unit app.,VGR028,Final consumption expenditure of NPISHs,
81000,National accounts of the Federation,JAHR,Year,2014,DINSG,Germany,DG,Germany,VGRPB5,Price base (current prices / price-adjusted),VGRJPM,At current prices (bn EUR),195.154,unit app.,VGR022,Balance of exports and imports,
81000,National accounts of the Federation,JAHR,Year,2014,DINSG,Germany,DG,Germany,VGRPB5,Price base (current prices / price-adjusted),VGRJPM,At current prices (bn EUR),2789.316,unit app.,VGR038,Domestic uses,
81000,National accounts of the Federation,JAHR,Year,2014,DINSG,Germany,DG,Germany,VGRPB5,Price base (current prices / price-adjusted),VGRJPM,At current prices (bn EUR),100.041,unit app.,VGR042,GFCF in other products,
81000,National accounts of the Federation,JAHR,Year,2014,DINSG,Germany,DG,Germany,VGRPB5,Price base (current prices / price-adjusted),VGRJPM,At current prices (bn EUR),1968.309,unit app.,VGR094,Individual consumption,
81000,National accounts of the Federation,JAHR,Year,2014,DINSG,Germany,DG,Germany,VGRPB5,Price base (current prices / price-adjusted),VGRJPM,At current prices (bn EUR),2188.259,unit app.,VGR039,Final consumption expenditure,
81000,National accounts of the Federation,JAHR,Year,2014,DINSG,Germany,DG,Germany,VGRPB5,Price base (current prices / price-adjusted),VGRJPM,At current prices (bn EUR),363.573,unit app.,VGR018,Individual consumption expenditure of general gov.,
81000,National accounts of the Federation,JAHR,Year,2014,DINSG,Germany,DG,Germany,VGRPB5,Price base (current prices / price-adjusted),VGRJPM,At current prices (bn EUR),1560.362,unit app.,VGR026,Final consumption expenditure of households,
81000,National accounts of the Federation,JAHR,Year,2014,DINSG,Germany,DG,Germany,VGRPB5,Price base (current prices / price-adjusted),VGRJPM,At current prices (bn EUR),219.95,unit app.,VGR040,Collective consumption expenditure of gen. gov.,
81000,National accounts of the Federation,JAHR,Year,2014,DINSG,Germany,DG,Germany,VGRPB5,Price base (current prices / price-adjusted),VGRJPM,At current prices (bn EUR),290.105,unit app.,VGR009,GFCF in construction,
81000,National accounts of the Federation,JAHR,Year,2014,DINSG,Germany,DG,Germany,VGRPB5,Price base (current prices / price-adjusted),VGRJPM,At current prices (bn EUR),1604.736,unit app.,VGR035,Household final consumption expenditure,
81000,National accounts of the Federation,JAHR,Year,2014,DINSG,Germany,DG,Germany,VGRPB5,Price base (current prices / price-adjusted),VGRJPM,At current prices (bn EUR),590.405,unit app.,VGR041,Gross fixed capital formation (GFCF),
81000,National accounts of the Federation,JAHR,Year,2014,DINSG,Germany,DG,Germany,VGRPB5,Price base (current prices / price-adjusted),VGRJPM,At current prices (bn EUR),1244.335,unit app.,EXP001,Exports of goods and services,
81000,National accounts of the Federation,JAHR,Year,2014,DINSG,Germany,DG,Germany,VGRPB5,Price base (current prices / price-adjusted),VGRJPM,At current prices (bn EUR),2984.47,unit app.,VGR014,Gross domestic product,
81000,National accounts of the Federation,JAHR,Year,2014,DINSG,Germany,DG,Germany,VGRPB5,Price base (current prices / price-adjusted),VGRJPM,At current prices (bn EUR),200.259,unit app.,VGR008,GFCF in machinery and equipment,
81000,National accounts of the Federation,JAHR,Year,2014,DINSG,Germany,DG,Germany,VGRPB5,Price base (current prices / price-adjusted),VGRJPM,At current prices (bn EUR),583.523,unit app.,VGR015,Government final consumption expenditure,
81000,National accounts of the Federation,JAHR,Year,2014,DINSG,Germany,DG,Germany,VGRPB5,Price base (current prices / price-adjusted),VGRJPM,At current prices (bn EUR),1049.181,unit app.,IMP001,Imports of goods and services,
81000,National accounts of the Federation,JAHR,Year,2014,DINSG,Germany,DG,Germany,VGRPB5,Price base (current prices / price-adjusted),VGRJPM,At current prices (bn EUR),601.057,unit app.,VGR012,Gross capital formation,
81000,National accounts of the Federation,JAHR,Year,2000,DINSG,Germany,DG,Germany,VGRPB5,Price base (current prices / price-adjusted),VGRJPM,At current prices (bn EUR),23.022,unit app.,VGR034,Changes in inv.,e
81000,National accounts of the Federation,JAHR,Year,2000,DINSG,Germany,DG,Germany,VGRPB5,Price base (current prices / price-adjusted),VGRJPM,At current prices (bn EUR),34.136,unit app.,VGR028,Final consumption expenditure of NPISHs,
81000,National accounts of the Federation,JAHR,Year,2000,DINSG,Germany,DG,Germany,VGRPB5,Price base (current prices / price-adjusted),VGRJPM,At current prices (bn EUR),3.529,unit app.,VGR022,Balance of exports and imports,
81000,National accounts of the Federation,JAHR,Year,2000,DINSG,Germany,DG,Germany,VGRPB5,Price base (current prices / price-adjusted),VGRJPM,At current prices (bn EUR),2126.131,unit app.,VGR038,Domestic uses,
81000,National accounts of the Federation,JAHR,Year,2000,DINSG,Germany,DG,Germany,VGRPB5,Price base (current prices / price-adjusted),VGRJPM,At current prices (bn EUR),64.484,unit app.,VGR042,GFCF in other products,
81000,National accounts of the Federation,JAHR,Year,2000,DINSG,Germany,DG,Germany,VGRPB5,Price base (current prices / price-adjusted),VGRJPM,At current prices (bn EUR),1440.296,unit app.,VGR094,Individual consumption,
81000,National accounts of the Federation,JAHR,Year,2000,DINSG,Germany,DG,Germany,VGRPB5,Price base (current prices / price-adjusted),VGRJPM,At current prices (bn EUR),1615.78,unit app.,VGR039,Final consumption expenditure,
81000,National accounts of the Federation,JAHR,Year,2000,DINSG,Germany,DG,Germany,VGRPB5,Price base (current prices / price-adjusted),VGRJPM,At current prices (bn EUR),238.482,unit app.,VGR018,Individual consumption expenditure of general gov.,
81000,National accounts of the Federation,JAHR,Year,2000,DINSG,Germany,DG,Germany,VGRPB5,Price base (current prices / price-adjusted),VGRJPM,At current prices (bn EUR),1167.678,unit app.,VGR026,Final consumption expenditure of households,
81000,National accounts of the Federation,JAHR,Year,2000,DINSG,Germany,DG,Germany,VGRPB5,Price base (current prices / price-adjusted),VGRJPM,At current prices (bn EUR),175.484,unit app.,VGR040,Collective consumption expenditure of gen. gov.,
81000,National accounts of the Federation,JAHR,Year,2000,DINSG,Germany,DG,Germany,VGRPB5,Price base (current prices / price-adjusted),VGRJPM,At current prices (bn EUR),241.819,unit app.,VGR009,GFCF in construction,
81000,National accounts of the Federation,JAHR,Year,2000,DINSG,Germany,DG,Germany,VGRPB5,Price base (current prices / price-adjusted),VGRJPM,At current prices (bn EUR),1201.814,unit app.,VGR035,Household final consumption expenditure,
81000,National accounts of the Federation,JAHR,Year,2000,DINSG,Germany,DG,Germany,VGRPB5,Price base (current prices / price-adjusted),VGRJPM,At current prices (bn EUR),487.329,unit app.,VGR041,Gross fixed capital formation (GFCF),
81000,National accounts of the Federation,JAHR,Year,2000,DINSG,Germany,DG,Germany,VGRPB5,Price base (current prices / price-adjusted),VGRJPM,At current prices (bn EUR),632.097,unit app.,EXP001,Exports of goods and services,
81000,National accounts of the Federation,JAHR,Year,2000,DINSG,Germany,DG,Germany,VGRPB5,Price base (current prices / price-adjusted),VGRJPM,At current prices (bn EUR),2129.66,unit app.,VGR014,Gross domestic product,
81000,National accounts of the Federation,JAHR,Year,2000,DINSG,Germany,DG,Germany,VGRPB5,Price base (current prices / price-adjusted),VGRJPM,At current prices (bn EUR),181.026,unit app.,VGR008,GFCF in machinery and equipment,
81000,National accounts of the Federation,JAHR,Year,2000,DINSG,Germany,DG,Germany,VGRPB5,Price base (current prices / price-adjusted),VGRJPM,At current prices (bn EUR),413.966,unit app.,VGR015,Government final consumption expenditure,
81000,National accounts of the Federation,JAHR,Year,2000,DINSG,Germany,DG,Germany,VGRPB5,Price base (current prices / price-adjusted),VGRJPM,At current prices (bn EUR),628.568,unit app.,IMP001,Imports of goods and services,
81000,National accounts of the Federation,JAHR,Year,2000,DINSG,Germany,DG,Germany,VGRPB5,Price base (current prices / price-adjusted),VGRJPM,At current prices (bn EUR),510.351,unit app.,VGR012,Gross capital formation,
81000,National accounts of the Federation,JAHR,Year,2015,DINSG,Germany,DG,Germany,VGRPB5,Price base (current prices / price-adjusted),VGRJPM,At current prices (bn EUR),-7.716,unit app.,VGR034,Changes in inv.,e
81000,National accounts of the Federation,JAHR,Year,2015,DINSG,Germany,DG,Germany,VGRPB5,Price base (current prices / price-adjusted),VGRJPM,At current prices (bn EUR),45.434,unit app.,VGR028,Final consumption expenditure of NPISHs,
81000,National accounts of the Federation,JAHR,Year,2015,DINSG,Germany,DG,Germany,VGRPB5,Price base (current prices / price-adjusted),VGRJPM,At current prices (bn EUR),228.879,unit app.,VGR022,Balance of exports and imports,
81000,National accounts of the Federation,JAHR,Year,2015,DINSG,Germany,DG,Germany,VGRPB5,Price base (current prices / price-adjusted),VGRJPM,At current prices (bn EUR),2858.151,unit app.,VGR038,Domestic uses,
81000,National accounts of the Federation,JAHR,Year,2015,DINSG,Germany,DG,Germany,VGRPB5,Price base (current prices / price-adjusted),VGRJPM,At current prices (bn EUR),107.167,unit app.,VGR042,GFCF in other products,
81000,National accounts of the Federation,JAHR,Year,2015,DINSG,Germany,DG,Germany,VGRPB5,Price base (current prices / price-adjusted),VGRJPM,At current prices (bn EUR),2030.164,unit app.,VGR094,Individual consumption,
81000,National accounts of the Federation,JAHR,Year,2015,DINSG,Germany,DG,Germany,VGRPB5,Price base (current prices / price-adjusted),VGRJPM,At current prices (bn EUR),2256.248,unit app.,VGR039,Final consumption expenditure,
81000,National accounts of the Federation,JAHR,Year,2015,DINSG,Germany,DG,Germany,VGRPB5,Price base (current prices / price-adjusted),VGRJPM,At current prices (bn EUR),379.858,unit app.,VGR018,Individual consumption expenditure of general gov.,
81000,National accounts of the Federation,JAHR,Year,2015,DINSG,Germany,DG,Germany,VGRPB5,Price base (current prices / price-adjusted),VGRJPM,At current prices (bn EUR),1604.872,unit app.,VGR026,Final consumption expenditure of households,
81000,National accounts of the Federation,JAHR,Year,2015,DINSG,Germany,DG,Germany,VGRPB5,Price base (current prices / price-adjusted),VGRJPM,At current prices (bn EUR),226.084,unit app.,VGR040,Collective consumption expenditure of gen. gov.,
81000,National accounts of the Federation,JAHR,Year,2015,DINSG,Germany,DG,Germany,VGRPB5,Price base (current prices / price-adjusted),VGRJPM,At current prices (bn EUR),291.16,unit app.,VGR009,GFCF in construction,
81000,National accounts of the Federation,JAHR,Year,2015,DINSG,Germany,DG,Germany,VGRPB5,Price base (current prices / price-adjusted),VGRJPM,At current prices (bn EUR),1650.306,unit app.,VGR035,Household final consumption expenditure,
81000,National accounts of the Federation,JAHR,Year,2015,DINSG,Germany,DG,Germany,VGRPB5,Price base (current prices / price-adjusted),VGRJPM,At current prices (bn EUR),609.619,unit app.,VGR041,Gross fixed capital formation (GFCF),
81000,National accounts of the Federation,JAHR,Year,2015,DINSG,Germany,DG,Germany,VGRPB5,Price base (current prices / price-adjusted),VGRJPM,At current prices (bn EUR),1314.624,unit app.,EXP001,Exports of goods and services,
81000,National accounts of the Federation,JAHR,Year,2015,DINSG,Germany,DG,Germany,VGRPB5,Price base (current prices / price-adjusted),VGRJPM,At current prices (bn EUR),3087.03,unit app.,VGR014,Gross domestic product,
81000,National accounts of the Federation,JAHR,Year,2015,DINSG,Germany,DG,Germany,VGRPB5,Price base (current prices / price-adjusted),VGRJPM,At current prices (bn EUR),211.292,unit app.,VGR008,GFCF in machinery and equipment,
81000,National accounts of the Federation,JAHR,Year,2015,DINSG,Germany,DG,Germany,VGRPB5,Price base (current prices / price-adjusted),VGRJPM,At current prices (bn EUR),605.942,unit app.,VGR015,Government final consumption expenditure,
81000,National accounts of the Federation,JAHR,Year,2015,DINSG,Germany,DG,Germany,VGRPB5,Price base (current prices / price-adjusted),VGRJPM,At current prices (bn EUR),1085.745,unit app.,IMP001,Imports of goods and services,
81000,National accounts of the Federation,JAHR,Year,2015,DINSG,Germany,DG,Germany,VGRPB5,Price base (current prices / price-adjusted),VGRJPM,At current prices (bn EUR),601.903,unit app.,VGR012,Gross capital formation,
81000,National accounts of the Federation,JAHR,Year,2009,DINSG,Germany,DG,Germany,VGRPB5,Price base (current prices / price-adjusted),VGRJPM,At current prices (bn EUR),-20.744,unit app.,VGR034,Changes in inv.,e
81000,National accounts of the Federation,JAHR,Year,2009,DINSG,Germany,DG,Germany,VGRPB5,Price base (current prices / price-adjusted),VGRJPM,At current prices (bn EUR),40.401,unit app.,VGR028,Final consumption expenditure of NPISHs,
81000,National accounts of the Federation,JAHR,Year,2009,DINSG,Germany,DG,Germany,VGRPB5,Price base (current prices / price-adjusted),VGRJPM,At current prices (bn EUR),118.96,unit app.,VGR022,Balance of exports and imports,
81000,National accounts of the Federation,JAHR,Year,2009,DINSG,Germany,DG,Germany,VGRPB5,Price base (current prices / price-adjusted),VGRJPM,At current prices (bn EUR),2375.01,unit app.,VGR038,Domestic uses,
81000,National accounts of the Federation,JAHR,Year,2009,DINSG,Germany,DG,Germany,VGRPB5,Price base (current prices / price-adjusted),VGRJPM,At current prices (bn EUR),81.867,unit app.,VGR042,GFCF in other products,
81000,National accounts of the Federation,JAHR,Year,2009,DINSG,Germany,DG,Germany,VGRPB5,Price base (current prices / price-adjusted),VGRJPM,At current prices (bn EUR),1732.118,unit app.,VGR094,Individual consumption,
81000,National accounts of the Federation,JAHR,Year,2009,DINSG,Germany,DG,Germany,VGRPB5,Price base (current prices / price-adjusted),VGRJPM,At current prices (bn EUR),1925.935,unit app.,VGR039,Final consumption expenditure,
81000,National accounts of the Federation,JAHR,Year,2009,DINSG,Germany,DG,Germany,VGRPB5,Price base (current prices / price-adjusted),VGRJPM,At current prices (bn EUR),304.973,unit app.,VGR018,Individual consumption expenditure of general gov.,
81000,National accounts of the Federation,JAHR,Year,2009,DINSG,Germany,DG,Germany,VGRPB5,Price base (current prices / price-adjusted),VGRJPM,At current prices (bn EUR),1386.744,unit app.,VGR026,Final consumption expenditure of households,
81000,National accounts of the Federation,JAHR,Year,2009,DINSG,Germany,DG,Germany,VGRPB5,Price base (current prices / price-adjusted),VGRJPM,At current prices (bn EUR),193.817,unit app.,VGR040,Collective consumption expenditure of gen. gov.,
81000,National accounts of the Federation,JAHR,Year,2009,DINSG,Germany,DG,Germany,VGRPB5,Price base (current prices / price-adjusted),VGRJPM,At current prices (bn EUR),227.488,unit app.,VGR009,GFCF in construction,
81000,National accounts of the Federation,JAHR,Year,2009,DINSG,Germany,DG,Germany,VGRPB5,Price base (current prices / price-adjusted),VGRJPM,At current prices (bn EUR),1427.145,unit app.,VGR035,Household final consumption expenditure,
81000,National accounts of the Federation,JAHR,Year,2009,DINSG,Germany,DG,Germany,VGRPB5,Price base (current prices / price-adjusted),VGRJPM,At current prices (bn EUR),469.819,unit app.,VGR041,Gross fixed capital formation (GFCF),
81000,National accounts of the Federation,JAHR,Year,2009,DINSG,Germany,DG,Germany,VGRPB5,Price base (current prices / price-adjusted),VGRJPM,At current prices (bn EUR),884.225,unit app.,EXP001,Exports of goods and services,
81000,National accounts of the Federation,JAHR,Year,2009,DINSG,Germany,DG,Germany,VGRPB5,Price base (current prices / price-adjusted),VGRJPM,At current prices (bn EUR),2493.97,unit app.,VGR014,Gross domestic product,
81000,National accounts of the Federation,JAHR,Year,2009,DINSG,Germany,DG,Germany,VGRPB5,Price base (current prices / price-adjusted),VGRJPM,At current prices (bn EUR),160.464,unit app.,VGR008,GFCF in machinery and equipment,
81000,National accounts of the Federation,JAHR,Year,2009,DINSG,Germany,DG,Germany,VGRPB5,Price base (current prices / price-adjusted),VGRJPM,At current prices (bn EUR),498.79,unit app.,VGR015,Government final consumption expenditure,
81000,National accounts of the Federation,JAHR,Year,2009,DINSG,Germany,DG,Germany,VGRPB5,Price base (current prices / price-adjusted),VGRJPM,At current prices (bn EUR),765.265,unit app.,IMP001,Imports of goods and services,
81000,National accounts of the Federation,JAHR,Year,2009,DINSG,Germany,DG,Germany,VGRPB5,Price base (current prices / price-adjusted),VGRJPM,At current prices (bn EUR),449.075,unit app.,VGR012,Gross capital formation,
81000,National accounts of the Federation,JAHR,Year,1995,DINSG,Germany,DG,Germany,VGRPB5,Price base (current prices / price-adjusted),VGRJPM,At current prices (bn EUR),19.235,unit app.,VGR034,Changes in inv.,e
81000,National accounts of the Federation,JAHR,Year,1995,DINSG,Germany,DG,Germany,VGRPB5,Price base (current prices / price-adjusted),VGRJPM,At current prices (bn EUR),30.943,unit app.,VGR028,Final consumption expenditure of NPISHs,
81000,National accounts of the Federation,JAHR,Year,1995,DINSG,Germany,DG,Germany,VGRPB5,Price base (current prices / price-adjusted),VGRJPM,At current prices (bn EUR),6.781,unit app.,VGR022,Balance of exports and imports,
81000,National accounts of the Federation,JAHR,Year,1995,DINSG,Germany,DG,Germany,VGRPB5,Price base (current prices / price-adjusted),VGRJPM,At current prices (bn EUR),1893.149,unit app.,VGR038,Domestic uses,
81000,National accounts of the Federation,JAHR,Year,1995,DINSG,Germany,DG,Germany,VGRPB5,Price base (current prices / price-adjusted),VGRJPM,At current prices (bn EUR),50.813,unit app.,VGR042,GFCF in other products,
81000,National accounts of the Federation,JAHR,Year,1995,DINSG,Germany,DG,Germany,VGRPB5,Price base (current prices / price-adjusted),VGRJPM,At current prices (bn EUR),1271.492,unit app.,VGR094,Individual consumption,
81000,National accounts of the Federation,JAHR,Year,1995,DINSG,Germany,DG,Germany,VGRPB5,Price base (current prices / price-adjusted),VGRJPM,At current prices (bn EUR),1428.102,unit app.,VGR039,Final consumption expenditure,
81000,National accounts of the Federation,JAHR,Year,1995,DINSG,Germany,DG,Germany,VGRPB5,Price base (current prices / price-adjusted),VGRJPM,At current prices (bn EUR),216.481,unit app.,VGR018,Individual consumption expenditure of general gov.,
81000,National accounts of the Federation,JAHR,Year,1995,DINSG,Germany,DG,Germany,VGRPB5,Price base (current prices / price-adjusted),VGRJPM,At current prices (bn EUR),1024.068,unit app.,VGR026,Final consumption expenditure of households,
81000,National accounts of the Federation,JAHR,Year,1995,DINSG,Germany,DG,Germany,VGRPB5,Price base (current prices / price-adjusted),VGRJPM,At current prices (bn EUR),156.61,unit app.,VGR040,Collective consumption expenditure of gen. gov.,
81000,National accounts of the Federation,JAHR,Year,1995,DINSG,Germany,DG,Germany,VGRPB5,Price base (current prices / price-adjusted),VGRJPM,At current prices (bn EUR),261.723,unit app.,VGR009,GFCF in construction,
81000,National accounts of the Federation,JAHR,Year,1995,DINSG,Germany,DG,Germany,VGRPB5,Price base (current prices / price-adjusted),VGRJPM,At current prices (bn EUR),1055.011,unit app.,VGR035,Household final consumption expenditure,
81000,National accounts of the Federation,JAHR,Year,1995,DINSG,Germany,DG,Germany,VGRPB5,Price base (current prices / price-adjusted),VGRJPM,At current prices (bn EUR),445.812,unit app.,VGR041,Gross fixed capital formation (GFCF),
81000,National accounts of the Federation,JAHR,Year,1995,DINSG,Germany,DG,Germany,VGRPB5,Price base (current prices / price-adjusted),VGRJPM,At current prices (bn EUR),408.134,unit app.,EXP001,Exports of goods and services,
81000,National accounts of the Federation,JAHR,Year,1995,DINSG,Germany,DG,Germany,VGRPB5,Price base (current prices / price-adjusted),VGRJPM,At current prices (bn EUR),1899.93,unit app.,VGR014,Gross domestic product,
81000,National accounts of the Federation,JAHR,Year,1995,DINSG,Germany,DG,Germany,VGRPB5,Price base (current prices / price-adjusted),VGRJPM,At current prices (bn EUR),133.276,unit app.,VGR008,GFCF in machinery and equipment,
81000,National accounts of the Federation,JAHR,Year,1995,DINSG,Germany,DG,Germany,VGRPB5,Price base (current prices / price-adjusted),VGRJPM,At current prices (bn EUR),373.091,unit app.,VGR015,Government final consumption expenditure,
81000,National accounts of the Federation,JAHR,Year,1995,DINSG,Germany,DG,Germany,VGRPB5,Price base (current prices / price-adjusted),VGRJPM,At current prices (bn EUR),401.353,unit app.,IMP001,Imports of goods and services,
81000,National accounts of the Federation,JAHR,Year,1995,DINSG,Germany,DG,Germany,VGRPB5,Price base (current prices / price-adjusted),VGRJPM,At current prices (bn EUR),465.047,unit app.,VGR012,Gross capital formation,
81000,National accounts of the Federation,JAHR,Year,1994,DINSG,Germany,DG,Germany,VGRPB5,Price base (current prices / price-adjusted),VGRJPM,At current prices (bn EUR),9.679,unit app.,VGR034,Changes in inv.,e
81000,National accounts of the Federation,JAHR,Year,1994,DINSG,Germany,DG,Germany,VGRPB5,Price base (current prices / price-adjusted),VGRJPM,At current prices (bn EUR),29.076,unit app.,VGR028,Final consumption expenditure of NPISHs,
81000,National accounts of the Federation,JAHR,Year,1994,DINSG,Germany,DG,Germany,VGRPB5,Price base (current prices / price-adjusted),VGRJPM,At current prices (bn EUR),2.126,unit app.,VGR022,Balance of exports and imports,
81000,National accounts of the Federation,JAHR,Year,1994,DINSG,Germany,DG,Germany,VGRPB5,Price base (current prices / price-adjusted),VGRJPM,At current prices (bn EUR),1835.894,unit app.,VGR038,Domestic uses,
81000,National accounts of the Federation,JAHR,Year,1994,DINSG,Germany,DG,Germany,VGRPB5,Price base (current prices / price-adjusted),VGRJPM,At current prices (bn EUR),48.873,unit app.,VGR042,GFCF in other products,
81000,National accounts of the Federation,JAHR,Year,1994,DINSG,Germany,DG,Germany,VGRPB5,Price base (current prices / price-adjusted),VGRJPM,At current prices (bn EUR),1230.964,unit app.,VGR094,Individual consumption,
81000,National accounts of the Federation,JAHR,Year,1994,DINSG,Germany,DG,Germany,VGRPB5,Price base (current prices / price-adjusted),VGRJPM,At current prices (bn EUR),1384.636,unit app.,VGR039,Final consumption expenditure,
81000,National accounts of the Federation,JAHR,Year,1994,DINSG,Germany,DG,Germany,VGRPB5,Price base (current prices / price-adjusted),VGRJPM,At current prices (bn EUR),204.228,unit app.,VGR018,Individual consumption expenditure of general gov.,
81000,National accounts of the Federation,JAHR,Year,1994,DINSG,Germany,DG,Germany,VGRPB5,Price base (current prices / price-adjusted),VGRJPM,At current prices (bn EUR),997.66,unit app.,VGR026,Final consumption expenditure of households,
81000,National accounts of the Federation,JAHR,Year,1994,DINSG,Germany,DG,Germany,VGRPB5,Price base (current prices / price-adjusted),VGRJPM,At current prices (bn EUR),153.672,unit app.,VGR040,Collective consumption expenditure of gen. gov.,
81000,National accounts of the Federation,JAHR,Year,1994,DINSG,Germany,DG,Germany,VGRPB5,Price base (current prices / price-adjusted),VGRJPM,At current prices (bn EUR),260.927,unit app.,VGR009,GFCF in construction,
81000,National accounts of the Federation,JAHR,Year,1994,DINSG,Germany,DG,Germany,VGRPB5,Price base (current prices / price-adjusted),VGRJPM,At current prices (bn EUR),1026.736,unit app.,VGR035,Household final consumption expenditure,
81000,National accounts of the Federation,JAHR,Year,1994,DINSG,Germany,DG,Germany,VGRPB5,Price base (current prices / price-adjusted),VGRJPM,At current prices (bn EUR),441.579,unit app.,VGR041,Gross fixed capital formation (GFCF),
81000,National accounts of the Federation,JAHR,Year,1994,DINSG,Germany,DG,Germany,VGRPB5,Price base (current prices / price-adjusted),VGRJPM,At current prices (bn EUR),378.737,unit app.,EXP001,Exports of goods and services,
81000,National accounts of the Federation,JAHR,Year,1994,DINSG,Germany,DG,Germany,VGRPB5,Price base (current prices / price-adjusted),VGRJPM,At current prices (bn EUR),1838.02,unit app.,VGR014,Gross domestic product,
81000,National accounts of the Federation,JAHR,Year,1994,DINSG,Germany,DG,Germany,VGRPB5,Price base (current prices / price-adjusted),VGRJPM,At current prices (bn EUR),131.779,unit app.,VGR008,GFCF in machinery and equipment,
81000,National accounts of the Federation,JAHR,Year,1994,DINSG,Germany,DG,Germany,VGRPB5,Price base (current prices / price-adjusted),VGRJPM,At current prices (bn EUR),357.9,unit app.,VGR015,Government final consumption expenditure,
81000,National accounts of the Federation,JAHR,Year,1994,DINSG,Germany,DG,Germany,VGRPB5,Price base (current prices / price-adjusted),VGRJPM,At current prices (bn EUR),376.611,unit app.,IMP001,Imports of goods and services,
81000,National accounts of the Federation,JAHR,Year,1994,DINSG,Germany,DG,Germany,VGRPB5,Price base (current prices / price-adjusted),VGRJPM,At current prices (bn EUR),451.258,unit app.,VGR012,Gross capital formation,
81000,National accounts of the Federation,JAHR,Year,2008,DINSG,Germany,DG,Germany,VGRPB5,Price base (current prices / price-adjusted),VGRJPM,At current prices (bn EUR),23.917,unit app.,VGR034,Changes in inv.,e
81000,National accounts of the Federation,JAHR,Year,2008,DINSG,Germany,DG,Germany,VGRPB5,Price base (current prices / price-adjusted),VGRJPM,At current prices (bn EUR),38.868,unit app.,VGR028,Final consumption expenditure of NPISHs,
81000,National accounts of the Federation,JAHR,Year,2008,DINSG,Germany,DG,Germany,VGRPB5,Price base (current prices / price-adjusted),VGRJPM,At current prices (bn EUR),149.779,unit app.,VGR022,Balance of exports and imports,
81000,National accounts of the Federation,JAHR,Year,2008,DINSG,Germany,DG,Germany,VGRPB5,Price base (current prices / price-adjusted),VGRJPM,At current prices (bn EUR),2439.501,unit app.,VGR038,Domestic uses,
81000,National accounts of the Federation,JAHR,Year,2008,DINSG,Germany,DG,Germany,VGRPB5,Price base (current prices / price-adjusted),VGRJPM,At current prices (bn EUR),82.193,unit app.,VGR042,GFCF in other products,
81000,National accounts of the Federation,JAHR,Year,2008,DINSG,Germany,DG,Germany,VGRPB5,Price base (current prices / price-adjusted),VGRJPM,At current prices (bn EUR),1712.152,unit app.,VGR094,Individual consumption,
81000,National accounts of the Federation,JAHR,Year,2008,DINSG,Germany,DG,Germany,VGRPB5,Price base (current prices / price-adjusted),VGRJPM,At current prices (bn EUR),1898.685,unit app.,VGR039,Final consumption expenditure,
81000,National accounts of the Federation,JAHR,Year,2008,DINSG,Germany,DG,Germany,VGRPB5,Price base (current prices / price-adjusted),VGRJPM,At current prices (bn EUR),288.684,unit app.,VGR018,Individual consumption expenditure of general gov.,
81000,National accounts of the Federation,JAHR,Year,2008,DINSG,Germany,DG,Germany,VGRPB5,Price base (current prices / price-adjusted),VGRJPM,At current prices (bn EUR),1384.6,unit app.,VGR026,Final consumption expenditure of households,
81000,National accounts of the Federation,JAHR,Year,2008,DINSG,Germany,DG,Germany,VGRPB5,Price base (current prices / price-adjusted),VGRJPM,At current prices (bn EUR),186.533,unit app.,VGR040,Collective consumption expenditure of gen. gov.,
81000,National accounts of the Federation,JAHR,Year,2008,DINSG,Germany,DG,Germany,VGRPB5,Price base (current prices / price-adjusted),VGRJPM,At current prices (bn EUR),232.879,unit app.,VGR009,GFCF in construction,
81000,National accounts of the Federation,JAHR,Year,2008,DINSG,Germany,DG,Germany,VGRPB5,Price base (current prices / price-adjusted),VGRJPM,At current prices (bn EUR),1423.468,unit app.,VGR035,Household final consumption expenditure,
81000,National accounts of the Federation,JAHR,Year,2008,DINSG,Germany,DG,Germany,VGRPB5,Price base (current prices / price-adjusted),VGRJPM,At current prices (bn EUR),516.899,unit app.,VGR041,Gross fixed capital formation (GFCF),
81000,National accounts of the Federation,JAHR,Year,2008,DINSG,Germany,DG,Germany,VGRPB5,Price base (current prices / price-adjusted),VGRJPM,At current prices (bn EUR),1060.281,unit app.,EXP001,Exports of goods and services,
81000,National accounts of the Federation,JAHR,Year,2008,DINSG,Germany,DG,Germany,VGRPB5,Price base (current prices / price-adjusted),VGRJPM,At current prices (bn EUR),2589.28,unit app.,VGR014,Gross domestic product,
81000,National accounts of the Federation,JAHR,Year,2008,DINSG,Germany,DG,Germany,VGRPB5,Price base (current prices / price-adjusted),VGRJPM,At current prices (bn EUR),201.827,unit app.,VGR008,GFCF in machinery and equipment,
81000,National accounts of the Federation,JAHR,Year,2008,DINSG,Germany,DG,Germany,VGRPB5,Price base (current prices / price-adjusted),VGRJPM,At current prices (bn EUR),475.217,unit app.,VGR015,Government final consumption expenditure,
81000,National accounts of the Federation,JAHR,Year,2008,DINSG,Germany,DG,Germany,VGRPB5,Price base (current prices / price-adjusted),VGRJPM,At current prices (bn EUR),910.502,unit app.,IMP001,Imports of goods and services,
81000,National accounts of the Federation,JAHR,Year,2008,DINSG,Germany,DG,Germany,VGRPB5,Price base (current prices / price-adjusted),VGRJPM,At current prices (bn EUR),540.816,unit app.,VGR012,Gross capital formation,
81000,National accounts of the Federation,JAHR,Year,2025,DINSG,Germany,DG,Germany,VGRPB5,Price base (current prices / price-adjusted),VGRJPM,At current prices (bn EUR),72.365,unit app.,VGR034,Changes in inv.,p
81000,National accounts of the Federation,JAHR,Year,2025,DINSG,Germany,DG,Germany,VGRPB5,Price base (current prices / price-adjusted),VGRJPM,At current prices (bn EUR),67.107,unit app.,VGR028,Final consumption expenditure of NPISHs,
81000,National accounts of the Federation,JAHR,Year,2025,DINSG,Germany,DG,Germany,VGRPB5,Price base (current prices / price-adjusted),VGRJPM,At current prices (bn EUR),105.344,unit app.,VGR022,Balance of exports and imports,
81000,National accounts of the Federation,JAHR,Year,2025,DINSG,Germany,DG,Germany,VGRPB5,Price base (current prices / price-adjusted),VGRJPM,At current prices (bn EUR),4364.566,unit app.,VGR038,Domestic uses,
81000,National accounts of the Federation,JAHR,Year,2025,DINSG,Germany,DG,Germany,VGRPB5,Price base (current prices / price-adjusted),VGRJPM,At current prices (bn EUR),178.988,unit app.,VGR042,GFCF in other products,
81000,National accounts of the Federation,JAHR,Year,2025,DINSG,Germany,DG,Germany,VGRPB5,Price base (current prices / price-adjusted),VGRJPM,At current prices (bn EUR),3006.943,unit app.,VGR094,Individual consumption,
81000,National accounts of the Federation,JAHR,Year,2025,DINSG,Germany,DG,Germany,VGRPB5,Price base (current prices / price-adjusted),VGRJPM,At current prices (bn EUR),3384.248,unit app.,VGR039,Final consumption expenditure,
81000,National accounts of the Federation,JAHR,Year,2025,DINSG,Germany,DG,Germany,VGRPB5,Price base (current prices / price-adjusted),VGRJPM,At current prices (bn EUR),629.088,unit app.,VGR018,Individual consumption expenditure of general gov.,
81000,National accounts of the Federation,JAHR,Year,2025,DINSG,Germany,DG,Germany,VGRPB5,Price base (current prices / price-adjusted),VGRJPM,At current prices (bn EUR),2310.748,unit app.,VGR026,Final consumption expenditure of households,
81000,National accounts of the Federation,JAHR,Year,2025,DINSG,Germany,DG,Germany,VGRPB5,Price base (current prices / price-adjusted),VGRJPM,At current prices (bn EUR),377.305,unit app.,VGR040,Collective consumption expenditure of gen. gov.,
81000,National accounts of the Federation,JAHR,Year,2025,DINSG,Germany,DG,Germany,VGRPB5,Price base (current prices / price-adjusted),VGRJPM,At current prices (bn EUR),461.787,unit app.,VGR009,GFCF in construction,
81000,National accounts of the Federation,JAHR,Year,2025,DINSG,Germany,DG,Germany,VGRPB5,Price base (current prices / price-adjusted),VGRJPM,At current prices (bn EUR),2377.855,unit app.,VGR035,Household final consumption expenditure,
81000,National accounts of the Federation,JAHR,Year,2025,DINSG,Germany,DG,Germany,VGRPB5,Price base (current prices / price-adjusted),VGRJPM,At current prices (bn EUR),907.953,unit app.,VGR041,Gross fixed capital formation (GFCF),
81000,National accounts of the Federation,JAHR,Year,2025,DINSG,Germany,DG,Germany,VGRPB5,Price base (current prices / price-adjusted),VGRJPM,At current prices (bn EUR),1807.398,unit app.,EXP001,Exports of goods and services,
81000,National accounts of the Federation,JAHR,Year,2025,DINSG,Germany,DG,Germany,VGRPB5,Price base (current prices / price-adjusted),VGRJPM,At current prices (bn EUR),4469.91,unit app.,VGR014,Gross domestic product,
81000,National accounts of the Federation,JAHR,Year,2025,DINSG,Germany,DG,Germany,VGRPB5,Price base (current prices / price-adjusted),VGRJPM,At current prices (bn EUR),267.178,unit app.,VGR008,GFCF in machinery and equipment,
81000,National accounts of the Federation,JAHR,Year,2025,DINSG,Germany,DG,Germany,VGRPB5,Price base (current prices / price-adjusted),VGRJPM,At current prices (bn EUR),1006.393,unit app.,VGR015,Government final consumption expenditure,
81000,National accounts of the Federation,JAHR,Year,2025,DINSG,Germany,DG,Germany,VGRPB5,Price base (current prices / price-adjusted),VGRJPM,At current prices (bn EUR),1702.054,unit app.,IMP001,Imports of goods and services,
81000,National accounts of the Federation,JAHR,Year,2025,DINSG,Germany,DG,Germany,VGRPB5,Price base (current prices / price-adjusted),VGRJPM,At current prices (bn EUR),980.318,unit app.,VGR012,Gross capital formation,
81000,National accounts of the Federation,JAHR,Year,1993,DINSG,Germany,DG,Germany,VGRPB5,Price base (current prices / price-adjusted),VGRJPM,At current prices (bn EUR),3.368,unit app.,VGR034,Changes in inv.,e
81000,National accounts of the Federation,JAHR,Year,1993,DINSG,Germany,DG,Germany,VGRPB5,Price base (current prices / price-adjusted),VGRJPM,At current prices (bn EUR),27.089,unit app.,VGR028,Final consumption expenditure of NPISHs,
81000,National accounts of the Federation,JAHR,Year,1993,DINSG,Germany,DG,Germany,VGRPB5,Price base (current prices / price-adjusted),VGRJPM,At current prices (bn EUR),0.152,unit app.,VGR022,Balance of exports and imports,
81000,National accounts of the Federation,JAHR,Year,1993,DINSG,Germany,DG,Germany,VGRPB5,Price base (current prices / price-adjusted),VGRJPM,At current prices (bn EUR),1757.188,unit app.,VGR038,Domestic uses,
81000,National accounts of the Federation,JAHR,Year,1993,DINSG,Germany,DG,Germany,VGRPB5,Price base (current prices / price-adjusted),VGRJPM,At current prices (bn EUR),47.996,unit app.,VGR042,GFCF in other products,
81000,National accounts of the Federation,JAHR,Year,1993,DINSG,Germany,DG,Germany,VGRPB5,Price base (current prices / price-adjusted),VGRJPM,At current prices (bn EUR),1179.354,unit app.,VGR094,Individual consumption,
81000,National accounts of the Federation,JAHR,Year,1993,DINSG,Germany,DG,Germany,VGRPB5,Price base (current prices / price-adjusted),VGRJPM,At current prices (bn EUR),1332.731,unit app.,VGR039,Final consumption expenditure,
81000,National accounts of the Federation,JAHR,Year,1993,DINSG,Germany,DG,Germany,VGRPB5,Price base (current prices / price-adjusted),VGRJPM,At current prices (bn EUR),189.797,unit app.,VGR018,Individual consumption expenditure of general gov.,
81000,National accounts of the Federation,JAHR,Year,1993,DINSG,Germany,DG,Germany,VGRPB5,Price base (current prices / price-adjusted),VGRJPM,At current prices (bn EUR),962.468,unit app.,VGR026,Final consumption expenditure of households,
81000,National accounts of the Federation,JAHR,Year,1993,DINSG,Germany,DG,Germany,VGRPB5,Price base (current prices / price-adjusted),VGRJPM,At current prices (bn EUR),153.377,unit app.,VGR040,Collective consumption expenditure of gen. gov.,
81000,National accounts of the Federation,JAHR,Year,1993,DINSG,Germany,DG,Germany,VGRPB5,Price base (current prices / price-adjusted),VGRJPM,At current prices (bn EUR),239.154,unit app.,VGR009,GFCF in construction,
81000,National accounts of the Federation,JAHR,Year,1993,DINSG,Germany,DG,Germany,VGRPB5,Price base (current prices / price-adjusted),VGRJPM,At current prices (bn EUR),989.557,unit app.,VGR035,Household final consumption expenditure,
81000,National accounts of the Federation,JAHR,Year,1993,DINSG,Germany,DG,Germany,VGRPB5,Price base (current prices / price-adjusted),VGRJPM,At current prices (bn EUR),421.089,unit app.,VGR041,Gross fixed capital formation (GFCF),
81000,National accounts of the Federation,JAHR,Year,1993,DINSG,Germany,DG,Germany,VGRPB5,Price base (current prices / price-adjusted),VGRJPM,At current prices (bn EUR),349.342,unit app.,EXP001,Exports of goods and services,
81000,National accounts of the Federation,JAHR,Year,1993,DINSG,Germany,DG,Germany,VGRPB5,Price base (current prices / price-adjusted),VGRJPM,At current prices (bn EUR),1757.34,unit app.,VGR014,Gross domestic product,
81000,National accounts of the Federation,JAHR,Year,1993,DINSG,Germany,DG,Germany,VGRPB5,Price base (current prices / price-adjusted),VGRJPM,At current prices (bn EUR),133.939,unit app.,VGR008,GFCF in machinery and equipment,
81000,National accounts of the Federation,JAHR,Year,1993,DINSG,Germany,DG,Germany,VGRPB5,Price base (current prices / price-adjusted),VGRJPM,At current prices (bn EUR),343.174,unit app.,VGR015,Government final consumption expenditure,
81000,National accounts of the Federation,JAHR,Year,1993,DINSG,Germany,DG,Germany,VGRPB5,Price base (current prices / price-adjusted),VGRJPM,At current prices (bn EUR),349.19,unit app.,IMP001,Imports of goods and services,
81000,National accounts of the Federation,JAHR,Year,1993,DINSG,Germany,DG,Germany,VGRPB5,Price base (current prices / price-adjusted),VGRJPM,At current prices (bn EUR),424.457,unit app.,VGR012,Gross capital formation,
81000,National accounts of the Federation,JAHR,Year,2016,DINSG,Germany,DG,Germany,VGRPB5,Price base (current prices / price-adjusted),VGRJPM,At current prices (bn EUR),-10.595,unit app.,VGR034,Changes in inv.,e
81000,National accounts of the Federation,JAHR,Year,2016,DINSG,Germany,DG,Germany,VGRPB5,Price base (current prices / price-adjusted),VGRJPM,At current prices (bn EUR),47.592,unit app.,VGR028,Final consumption expenditure of NPISHs,
81000,National accounts of the Federation,JAHR,Year,2016,DINSG,Germany,DG,Germany,VGRPB5,Price base (current prices / price-adjusted),VGRJPM,At current prices (bn EUR),232.135,unit app.,VGR022,Balance of exports and imports,
81000,National accounts of the Federation,JAHR,Year,2016,DINSG,Germany,DG,Germany,VGRPB5,Price base (current prices / price-adjusted),VGRJPM,At current prices (bn EUR),2963.075,unit app.,VGR038,Domestic uses,
81000,National accounts of the Federation,JAHR,Year,2016,DINSG,Germany,DG,Germany,VGRPB5,Price base (current prices / price-adjusted),VGRJPM,At current prices (bn EUR),114.346,unit app.,VGR042,GFCF in other products,
81000,National accounts of the Federation,JAHR,Year,2016,DINSG,Germany,DG,Germany,VGRPB5,Price base (current prices / price-adjusted),VGRJPM,At current prices (bn EUR),2100.527,unit app.,VGR094,Individual consumption,
81000,National accounts of the Federation,JAHR,Year,2016,DINSG,Germany,DG,Germany,VGRPB5,Price base (current prices / price-adjusted),VGRJPM,At current prices (bn EUR),2333.227,unit app.,VGR039,Final consumption expenditure,
81000,National accounts of the Federation,JAHR,Year,2016,DINSG,Germany,DG,Germany,VGRPB5,Price base (current prices / price-adjusted),VGRJPM,At current prices (bn EUR),401.191,unit app.,VGR018,Individual consumption expenditure of general gov.,
81000,National accounts of the Federation,JAHR,Year,2016,DINSG,Germany,DG,Germany,VGRPB5,Price base (current prices / price-adjusted),VGRJPM,At current prices (bn EUR),1651.744,unit app.,VGR026,Final consumption expenditure of households,
81000,National accounts of the Federation,JAHR,Year,2016,DINSG,Germany,DG,Germany,VGRPB5,Price base (current prices / price-adjusted),VGRJPM,At current prices (bn EUR),232.7,unit app.,VGR040,Collective consumption expenditure of gen. gov.,
81000,National accounts of the Federation,JAHR,Year,2016,DINSG,Germany,DG,Germany,VGRPB5,Price base (current prices / price-adjusted),VGRJPM,At current prices (bn EUR),307.896,unit app.,VGR009,GFCF in construction,
81000,National accounts of the Federation,JAHR,Year,2016,DINSG,Germany,DG,Germany,VGRPB5,Price base (current prices / price-adjusted),VGRJPM,At current prices (bn EUR),1699.336,unit app.,VGR035,Household final consumption expenditure,
81000,National accounts of the Federation,JAHR,Year,2016,DINSG,Germany,DG,Germany,VGRPB5,Price base (current prices / price-adjusted),VGRJPM,At current prices (bn EUR),640.443,unit app.,VGR041,Gross fixed capital formation (GFCF),
81000,National accounts of the Federation,JAHR,Year,2016,DINSG,Germany,DG,Germany,VGRPB5,Price base (current prices / price-adjusted),VGRJPM,At current prices (bn EUR),1330.343,unit app.,EXP001,Exports of goods and services,
81000,National accounts of the Federation,JAHR,Year,2016,DINSG,Germany,DG,Germany,VGRPB5,Price base (current prices / price-adjusted),VGRJPM,At current prices (bn EUR),3195.21,unit app.,VGR014,Gross domestic product,
81000,National accounts of the Federation,JAHR,Year,2016,DINSG,Germany,DG,Germany,VGRPB5,Price base (current prices / price-adjusted),VGRJPM,At current prices (bn EUR),218.201,unit app.,VGR008,GFCF in machinery and equipment,
81000,National accounts of the Federation,JAHR,Year,2016,DINSG,Germany,DG,Germany,VGRPB5,Price base (current prices / price-adjusted),VGRJPM,At current prices (bn EUR),633.891,unit app.,VGR015,Government final consumption expenditure,
81000,National accounts of the Federation,JAHR,Year,2016,DINSG,Germany,DG,Germany,VGRPB5,Price base (current prices / price-adjusted),VGRJPM,At current prices (bn EUR),1098.208,unit app.,IMP001,Imports of goods and services,
81000,National accounts of the Federation,JAHR,Year,2016,DINSG,Germany,DG,Germany,VGRPB5,Price base (current prices / price-adjusted),VGRJPM,At current prices (bn EUR),629.848,unit app.,VGR012,Gross capital formation,
81000,National accounts of the Federation,JAHR,Year,2007,DINSG,Germany,DG,Germany,VGRPB5,Price base (current prices / price-adjusted),VGRJPM,At current prices (bn EUR),27.257,unit app.,VGR034,Changes in inv.,e
81000,National accounts of the Federation,JAHR,Year,2007,DINSG,Germany,DG,Germany,VGRPB5,Price base (current prices / price-adjusted),VGRJPM,At current prices (bn EUR),38.43,unit app.,VGR028,Final consumption expenditure of NPISHs,
81000,National accounts of the Federation,JAHR,Year,2007,DINSG,Germany,DG,Germany,VGRPB5,Price base (current prices / price-adjusted),VGRJPM,At current prices (bn EUR),162.442,unit app.,VGR022,Balance of exports and imports,
81000,National accounts of the Federation,JAHR,Year,2007,DINSG,Germany,DG,Germany,VGRPB5,Price base (current prices / price-adjusted),VGRJPM,At current prices (bn EUR),2379.778,unit app.,VGR038,Domestic uses,
81000,National accounts of the Federation,JAHR,Year,2007,DINSG,Germany,DG,Germany,VGRPB5,Price base (current prices / price-adjusted),VGRJPM,At current prices (bn EUR),76.96,unit app.,VGR042,GFCF in other products,
81000,National accounts of the Federation,JAHR,Year,2007,DINSG,Germany,DG,Germany,VGRPB5,Price base (current prices / price-adjusted),VGRJPM,At current prices (bn EUR),1672.538,unit app.,VGR094,Individual consumption,
81000,National accounts of the Federation,JAHR,Year,2007,DINSG,Germany,DG,Germany,VGRPB5,Price base (current prices / price-adjusted),VGRJPM,At current prices (bn EUR),1851.318,unit app.,VGR039,Final consumption expenditure,
81000,National accounts of the Federation,JAHR,Year,2007,DINSG,Germany,DG,Germany,VGRPB5,Price base (current prices / price-adjusted),VGRJPM,At current prices (bn EUR),278.172,unit app.,VGR018,Individual consumption expenditure of general gov.,
81000,National accounts of the Federation,JAHR,Year,2007,DINSG,Germany,DG,Germany,VGRPB5,Price base (current prices / price-adjusted),VGRJPM,At current prices (bn EUR),1355.936,unit app.,VGR026,Final consumption expenditure of households,
81000,National accounts of the Federation,JAHR,Year,2007,DINSG,Germany,DG,Germany,VGRPB5,Price base (current prices / price-adjusted),VGRJPM,At current prices (bn EUR),178.78,unit app.,VGR040,Collective consumption expenditure of gen. gov.,
81000,National accounts of the Federation,JAHR,Year,2007,DINSG,Germany,DG,Germany,VGRPB5,Price base (current prices / price-adjusted),VGRJPM,At current prices (bn EUR),226.581,unit app.,VGR009,GFCF in construction,
81000,National accounts of the Federation,JAHR,Year,2007,DINSG,Germany,DG,Germany,VGRPB5,Price base (current prices / price-adjusted),VGRJPM,At current prices (bn EUR),1394.366,unit app.,VGR035,Household final consumption expenditure,
81000,National accounts of the Federation,JAHR,Year,2007,DINSG,Germany,DG,Germany,VGRPB5,Price base (current prices / price-adjusted),VGRJPM,At current prices (bn EUR),501.203,unit app.,VGR041,Gross fixed capital formation (GFCF),
81000,National accounts of the Federation,JAHR,Year,2007,DINSG,Germany,DG,Germany,VGRPB5,Price base (current prices / price-adjusted),VGRJPM,At current prices (bn EUR),1033.077,unit app.,EXP001,Exports of goods and services,
81000,National accounts of the Federation,JAHR,Year,2007,DINSG,Germany,DG,Germany,VGRPB5,Price base (current prices / price-adjusted),VGRJPM,At current prices (bn EUR),2542.22,unit app.,VGR014,Gross domestic product,
81000,National accounts of the Federation,JAHR,Year,2007,DINSG,Germany,DG,Germany,VGRPB5,Price base (current prices / price-adjusted),VGRJPM,At current prices (bn EUR),197.662,unit app.,VGR008,GFCF in machinery and equipment,
81000,National accounts of the Federation,JAHR,Year,2007,DINSG,Germany,DG,Germany,VGRPB5,Price base (current prices / price-adjusted),VGRJPM,At current prices (bn EUR),456.952,unit app.,VGR015,Government final consumption expenditure,
81000,National accounts of the Federation,JAHR,Year,2007,DINSG,Germany,DG,Germany,VGRPB5,Price base (current prices / price-adjusted),VGRJPM,At current prices (bn EUR),870.635,unit app.,IMP001,Imports of goods and services,
81000,National accounts of the Federation,JAHR,Year,2007,DINSG,Germany,DG,Germany,VGRPB5,Price base (current prices / price-adjusted),VGRJPM,At current prices (bn EUR),528.46,unit app.,VGR012,Gross capital formation,
81000,National accounts of the Federation,JAHR,Year,2018,DINSG,Germany,DG,Germany,VGRPB5,Price base (current prices / price-adjusted),VGRJPM,At current prices (bn EUR),28.6,unit app.,VGR034,Changes in inv.,e
81000,National accounts of the Federation,JAHR,Year,2018,DINSG,Germany,DG,Germany,VGRPB5,Price base (current prices / price-adjusted),VGRJPM,At current prices (bn EUR),50.954,unit app.,VGR028,Final consumption expenditure of NPISHs,
81000,National accounts of the Federation,JAHR,Year,2018,DINSG,Germany,DG,Germany,VGRPB5,Price base (current prices / price-adjusted),VGRJPM,At current prices (bn EUR),201.528,unit app.,VGR022,Balance of exports and imports,
81000,National accounts of the Federation,JAHR,Year,2018,DINSG,Germany,DG,Germany,VGRPB5,Price base (current prices / price-adjusted),VGRJPM,At current prices (bn EUR),3232.502,unit app.,VGR038,Domestic uses,
81000,National accounts of the Federation,JAHR,Year,2018,DINSG,Germany,DG,Germany,VGRPB5,Price base (current prices / price-adjusted),VGRJPM,At current prices (bn EUR),127.905,unit app.,VGR042,GFCF in other products,
81000,National accounts of the Federation,JAHR,Year,2018,DINSG,Germany,DG,Germany,VGRPB5,Price base (current prices / price-adjusted),VGRJPM,At current prices (bn EUR),2235.64,unit app.,VGR094,Individual consumption,
81000,National accounts of the Federation,JAHR,Year,2018,DINSG,Germany,DG,Germany,VGRPB5,Price base (current prices / price-adjusted),VGRJPM,At current prices (bn EUR),2489.022,unit app.,VGR039,Final consumption expenditure,
81000,National accounts of the Federation,JAHR,Year,2018,DINSG,Germany,DG,Germany,VGRPB5,Price base (current prices / price-adjusted),VGRJPM,At current prices (bn EUR),427.143,unit app.,VGR018,Individual consumption expenditure of general gov.,
81000,National accounts of the Federation,JAHR,Year,2018,DINSG,Germany,DG,Germany,VGRPB5,Price base (current prices / price-adjusted),VGRJPM,At current prices (bn EUR),1757.543,unit app.,VGR026,Final consumption expenditure of households,
81000,National accounts of the Federation,JAHR,Year,2018,DINSG,Germany,DG,Germany,VGRPB5,Price base (current prices / price-adjusted),VGRJPM,At current prices (bn EUR),253.382,unit app.,VGR040,Collective consumption expenditure of gen. gov.,
81000,National accounts of the Federation,JAHR,Year,2018,DINSG,Germany,DG,Germany,VGRPB5,Price base (current prices / price-adjusted),VGRJPM,At current prices (bn EUR),345.564,unit app.,VGR009,GFCF in construction,
81000,National accounts of the Federation,JAHR,Year,2018,DINSG,Germany,DG,Germany,VGRPB5,Price base (current prices / price-adjusted),VGRJPM,At current prices (bn EUR),1808.497,unit app.,VGR035,Household final consumption expenditure,
81000,National accounts of the Federation,JAHR,Year,2018,DINSG,Germany,DG,Germany,VGRPB5,Price base (current prices / price-adjusted),VGRJPM,At current prices (bn EUR),714.88,unit app.,VGR041,Gross fixed capital formation (GFCF),
81000,National accounts of the Federation,JAHR,Year,2018,DINSG,Germany,DG,Germany,VGRPB5,Price base (current prices / price-adjusted),VGRJPM,At current prices (bn EUR),1459.356,unit app.,EXP001,Exports of goods and services,
81000,National accounts of the Federation,JAHR,Year,2018,DINSG,Germany,DG,Germany,VGRPB5,Price base (current prices / price-adjusted),VGRJPM,At current prices (bn EUR),3434.03,unit app.,VGR014,Gross domestic product,
81000,National accounts of the Federation,JAHR,Year,2018,DINSG,Germany,DG,Germany,VGRPB5,Price base (current prices / price-adjusted),VGRJPM,At current prices (bn EUR),241.411,unit app.,VGR008,GFCF in machinery and equipment,
81000,National accounts of the Federation,JAHR,Year,2018,DINSG,Germany,DG,Germany,VGRPB5,Price base (current prices / price-adjusted),VGRJPM,At current prices (bn EUR),680.525,unit app.,VGR015,Government final consumption expenditure,
81000,National accounts of the Federation,JAHR,Year,2018,DINSG,Germany,DG,Germany,VGRPB5,Price base (current prices / price-adjusted),VGRJPM,At current prices (bn EUR),1257.828,unit app.,IMP001,Imports of goods and services,
81000,National accounts of the Federation,JAHR,Year,2018,DINSG,Germany,DG,Germany,VGRPB5,Price base (current prices / price-adjusted),VGRJPM,At current prices (bn EUR),743.48,unit app.,VGR012,Gross capital formation,
81000,National accounts of the Federation,JAHR,Year,2006,DINSG,Germany,DG,Germany,VGRPB5,Price base (current prices / price-adjusted),VGRJPM,At current prices (bn EUR),10.567,unit app.,VGR034,Changes in inv.,e
81000,National accounts of the Federation,JAHR,Year,2006,DINSG,Germany,DG,Germany,VGRPB5,Price base (current prices / price-adjusted),VGRJPM,At current prices (bn EUR),37.903,unit app.,VGR028,Final consumption expenditure of NPISHs,
81000,National accounts of the Federation,JAHR,Year,2006,DINSG,Germany,DG,Germany,VGRPB5,Price base (current prices / price-adjusted),VGRJPM,At current prices (bn EUR),125.669,unit app.,VGR022,Balance of exports and imports,
81000,National accounts of the Federation,JAHR,Year,2006,DINSG,Germany,DG,Germany,VGRPB5,Price base (current prices / price-adjusted),VGRJPM,At current prices (bn EUR),2300.511,unit app.,VGR038,Domestic uses,
81000,National accounts of the Federation,JAHR,Year,2006,DINSG,Germany,DG,Germany,VGRPB5,Price base (current prices / price-adjusted),VGRJPM,At current prices (bn EUR),73.338,unit app.,VGR042,GFCF in other products,
81000,National accounts of the Federation,JAHR,Year,2006,DINSG,Germany,DG,Germany,VGRPB5,Price base (current prices / price-adjusted),VGRJPM,At current prices (bn EUR),1638.921,unit app.,VGR094,Individual consumption,
81000,National accounts of the Federation,JAHR,Year,2006,DINSG,Germany,DG,Germany,VGRPB5,Price base (current prices / price-adjusted),VGRJPM,At current prices (bn EUR),1817.751,unit app.,VGR039,Final consumption expenditure,
81000,National accounts of the Federation,JAHR,Year,2006,DINSG,Germany,DG,Germany,VGRPB5,Price base (current prices / price-adjusted),VGRJPM,At current prices (bn EUR),268.922,unit app.,VGR018,Individual consumption expenditure of general gov.,
81000,National accounts of the Federation,JAHR,Year,2006,DINSG,Germany,DG,Germany,VGRPB5,Price base (current prices / price-adjusted),VGRJPM,At current prices (bn EUR),1332.096,unit app.,VGR026,Final consumption expenditure of households,
81000,National accounts of the Federation,JAHR,Year,2006,DINSG,Germany,DG,Germany,VGRPB5,Price base (current prices / price-adjusted),VGRJPM,At current prices (bn EUR),178.83,unit app.,VGR040,Collective consumption expenditure of gen. gov.,
81000,National accounts of the Federation,JAHR,Year,2006,DINSG,Germany,DG,Germany,VGRPB5,Price base (current prices / price-adjusted),VGRJPM,At current prices (bn EUR),214.738,unit app.,VGR009,GFCF in construction,
81000,National accounts of the Federation,JAHR,Year,2006,DINSG,Germany,DG,Germany,VGRPB5,Price base (current prices / price-adjusted),VGRJPM,At current prices (bn EUR),1369.999,unit app.,VGR035,Household final consumption expenditure,
81000,National accounts of the Federation,JAHR,Year,2006,DINSG,Germany,DG,Germany,VGRPB5,Price base (current prices / price-adjusted),VGRJPM,At current prices (bn EUR),472.193,unit app.,VGR041,Gross fixed capital formation (GFCF),
81000,National accounts of the Federation,JAHR,Year,2006,DINSG,Germany,DG,Germany,VGRPB5,Price base (current prices / price-adjusted),VGRJPM,At current prices (bn EUR),945.469,unit app.,EXP001,Exports of goods and services,
81000,National accounts of the Federation,JAHR,Year,2006,DINSG,Germany,DG,Germany,VGRPB5,Price base (current prices / price-adjusted),VGRJPM,At current prices (bn EUR),2426.18,unit app.,VGR014,Gross domestic product,
81000,National accounts of the Federation,JAHR,Year,2006,DINSG,Germany,DG,Germany,VGRPB5,Price base (current prices / price-adjusted),VGRJPM,At current prices (bn EUR),184.117,unit app.,VGR008,GFCF in machinery and equipment,
81000,National accounts of the Federation,JAHR,Year,2006,DINSG,Germany,DG,Germany,VGRPB5,Price base (current prices / price-adjusted),VGRJPM,At current prices (bn EUR),447.752,unit app.,VGR015,Government final consumption expenditure,
81000,National accounts of the Federation,JAHR,Year,2006,DINSG,Germany,DG,Germany,VGRPB5,Price base (current prices / price-adjusted),VGRJPM,At current prices (bn EUR),819.8,unit app.,IMP001,Imports of goods and services,
81000,National accounts of the Federation,JAHR,Year,2006,DINSG,Germany,DG,Germany,VGRPB5,Price base (current prices / price-adjusted),VGRJPM,At current prices (bn EUR),482.76,unit app.,VGR012,Gross capital formation,
81000,National accounts of the Federation,JAHR,Year,2017,DINSG,Germany,DG,Germany,VGRPB5,Price base (current prices / price-adjusted),VGRJPM,At current prices (bn EUR),18.567,unit app.,VGR034,Changes in inv.,e
81000,National accounts of the Federation,JAHR,Year,2017,DINSG,Germany,DG,Germany,VGRPB5,Price base (current prices / price-adjusted),VGRJPM,At current prices (bn EUR),49.799,unit app.,VGR028,Final consumption expenditure of NPISHs,
81000,National accounts of the Federation,JAHR,Year,2017,DINSG,Germany,DG,Germany,VGRPB5,Price base (current prices / price-adjusted),VGRJPM,At current prices (bn EUR),231.687,unit app.,VGR022,Balance of exports and imports,
81000,National accounts of the Federation,JAHR,Year,2017,DINSG,Germany,DG,Germany,VGRPB5,Price base (current prices / price-adjusted),VGRJPM,At current prices (bn EUR),3101.423,unit app.,VGR038,Domestic uses,
81000,National accounts of the Federation,JAHR,Year,2017,DINSG,Germany,DG,Germany,VGRPB5,Price base (current prices / price-adjusted),VGRJPM,At current prices (bn EUR),120.561,unit app.,VGR042,GFCF in other products,
81000,National accounts of the Federation,JAHR,Year,2017,DINSG,Germany,DG,Germany,VGRPB5,Price base (current prices / price-adjusted),VGRJPM,At current prices (bn EUR),2168.422,unit app.,VGR094,Individual consumption,
81000,National accounts of the Federation,JAHR,Year,2017,DINSG,Germany,DG,Germany,VGRPB5,Price base (current prices / price-adjusted),VGRJPM,At current prices (bn EUR),2411.77,unit app.,VGR039,Final consumption expenditure,
81000,National accounts of the Federation,JAHR,Year,2017,DINSG,Germany,DG,Germany,VGRPB5,Price base (current prices / price-adjusted),VGRJPM,At current prices (bn EUR),414.642,unit app.,VGR018,Individual consumption expenditure of general gov.,
81000,National accounts of the Federation,JAHR,Year,2017,DINSG,Germany,DG,Germany,VGRPB5,Price base (current prices / price-adjusted),VGRJPM,At current prices (bn EUR),1703.981,unit app.,VGR026,Final consumption expenditure of households,
81000,National accounts of the Federation,JAHR,Year,2017,DINSG,Germany,DG,Germany,VGRPB5,Price base (current prices / price-adjusted),VGRJPM,At current prices (bn EUR),243.348,unit app.,VGR040,Collective consumption expenditure of gen. gov.,
81000,National accounts of the Federation,JAHR,Year,2017,DINSG,Germany,DG,Germany,VGRPB5,Price base (current prices / price-adjusted),VGRJPM,At current prices (bn EUR),321.727,unit app.,VGR009,GFCF in construction,
81000,National accounts of the Federation,JAHR,Year,2017,DINSG,Germany,DG,Germany,VGRPB5,Price base (current prices / price-adjusted),VGRJPM,At current prices (bn EUR),1753.78,unit app.,VGR035,Household final consumption expenditure,
81000,National accounts of the Federation,JAHR,Year,2017,DINSG,Germany,DG,Germany,VGRPB5,Price base (current prices / price-adjusted),VGRJPM,At current prices (bn EUR),671.086,unit app.,VGR041,Gross fixed capital formation (GFCF),
81000,National accounts of the Federation,JAHR,Year,2017,DINSG,Germany,DG,Germany,VGRPB5,Price base (current prices / price-adjusted),VGRJPM,At current prices (bn EUR),1406.671,unit app.,EXP001,Exports of goods and services,
81000,National accounts of the Federation,JAHR,Year,2017,DINSG,Germany,DG,Germany,VGRPB5,Price base (current prices / price-adjusted),VGRJPM,At current prices (bn EUR),3333.11,unit app.,VGR014,Gross domestic product,
81000,National accounts of the Federation,JAHR,Year,2017,DINSG,Germany,DG,Germany,VGRPB5,Price base (current prices / price-adjusted),VGRJPM,At current prices (bn EUR),228.798,unit app.,VGR008,GFCF in machinery and equipment,
81000,National accounts of the Federation,JAHR,Year,2017,DINSG,Germany,DG,Germany,VGRPB5,Price base (current prices / price-adjusted),VGRJPM,At current prices (bn EUR),657.99,unit app.,VGR015,Government final consumption expenditure,
81000,National accounts of the Federation,JAHR,Year,2017,DINSG,Germany,DG,Germany,VGRPB5,Price base (current prices / price-adjusted),VGRJPM,At current prices (bn EUR),1174.984,unit app.,IMP001,Imports of goods and services,
81000,National accounts of the Federation,JAHR,Year,2017,DINSG,Germany,DG,Germany,VGRPB5,Price base (current prices / price-adjusted),VGRJPM,At current prices (bn EUR),689.653,unit app.,VGR012,Gross capital formation,
81000,National accounts of the Federation,JAHR,Year,1992,DINSG,Germany,DG,Germany,VGRPB5,Price base (current prices / price-adjusted),VGRJPM,At current prices (bn EUR),10.754,unit app.,VGR034,Changes in inv.,e
81000,National accounts of the Federation,JAHR,Year,1992,DINSG,Germany,DG,Germany,VGRPB5,Price base (current prices / price-adjusted),VGRJPM,At current prices (bn EUR),25.285,unit app.,VGR028,Final consumption expenditure of NPISHs,
81000,National accounts of the Federation,JAHR,Year,1992,DINSG,Germany,DG,Germany,VGRPB5,Price base (current prices / price-adjusted),VGRJPM,At current prices (bn EUR),-8.634,unit app.,VGR022,Balance of exports and imports,
81000,National accounts of the Federation,JAHR,Year,1992,DINSG,Germany,DG,Germany,VGRPB5,Price base (current prices / price-adjusted),VGRJPM,At current prices (bn EUR),1718.524,unit app.,VGR038,Domestic uses,
81000,National accounts of the Federation,JAHR,Year,1992,DINSG,Germany,DG,Germany,VGRPB5,Price base (current prices / price-adjusted),VGRJPM,At current prices (bn EUR),46.978,unit app.,VGR042,GFCF in other products,
81000,National accounts of the Federation,JAHR,Year,1992,DINSG,Germany,DG,Germany,VGRPB5,Price base (current prices / price-adjusted),VGRJPM,At current prices (bn EUR),1135.03,unit app.,VGR094,Individual consumption,
81000,National accounts of the Federation,JAHR,Year,1992,DINSG,Germany,DG,Germany,VGRPB5,Price base (current prices / price-adjusted),VGRJPM,At current prices (bn EUR),1280.152,unit app.,VGR039,Final consumption expenditure,
81000,National accounts of the Federation,JAHR,Year,1992,DINSG,Germany,DG,Germany,VGRPB5,Price base (current prices / price-adjusted),VGRJPM,At current prices (bn EUR),185.919,unit app.,VGR018,Individual consumption expenditure of general gov.,
81000,National accounts of the Federation,JAHR,Year,1992,DINSG,Germany,DG,Germany,VGRPB5,Price base (current prices / price-adjusted),VGRJPM,At current prices (bn EUR),923.826,unit app.,VGR026,Final consumption expenditure of households,
81000,National accounts of the Federation,JAHR,Year,1992,DINSG,Germany,DG,Germany,VGRPB5,Price base (current prices / price-adjusted),VGRJPM,At current prices (bn EUR),145.122,unit app.,VGR040,Collective consumption expenditure of gen. gov.,
81000,National accounts of the Federation,JAHR,Year,1992,DINSG,Germany,DG,Germany,VGRPB5,Price base (current prices / price-adjusted),VGRJPM,At current prices (bn EUR),225.736,unit app.,VGR009,GFCF in construction,
81000,National accounts of the Federation,JAHR,Year,1992,DINSG,Germany,DG,Germany,VGRPB5,Price base (current prices / price-adjusted),VGRJPM,At current prices (bn EUR),949.111,unit app.,VGR035,Household final consumption expenditure,
81000,National accounts of the Federation,JAHR,Year,1992,DINSG,Germany,DG,Germany,VGRPB5,Price base (current prices / price-adjusted),VGRJPM,At current prices (bn EUR),427.618,unit app.,VGR041,Gross fixed capital formation (GFCF),
81000,National accounts of the Federation,JAHR,Year,1992,DINSG,Germany,DG,Germany,VGRPB5,Price base (current prices / price-adjusted),VGRJPM,At current prices (bn EUR),377.707,unit app.,EXP001,Exports of goods and services,
81000,National accounts of the Federation,JAHR,Year,1992,DINSG,Germany,DG,Germany,VGRPB5,Price base (current prices / price-adjusted),VGRJPM,At current prices (bn EUR),1709.89,unit app.,VGR014,Gross domestic product,
81000,National accounts of the Federation,JAHR,Year,1992,DINSG,Germany,DG,Germany,VGRPB5,Price base (current prices / price-adjusted),VGRJPM,At current prices (bn EUR),154.904,unit app.,VGR008,GFCF in machinery and equipment,
81000,National accounts of the Federation,JAHR,Year,1992,DINSG,Germany,DG,Germany,VGRPB5,Price base (current prices / price-adjusted),VGRJPM,At current prices (bn EUR),331.041,unit app.,VGR015,Government final consumption expenditure,
81000,National accounts of the Federation,JAHR,Year,1992,DINSG,Germany,DG,Germany,VGRPB5,Price base (current prices / price-adjusted),VGRJPM,At current prices (bn EUR),386.341,unit app.,IMP001,Imports of goods and services,
81000,National accounts of the Federation,JAHR,Year,1992,DINSG,Germany,DG,Germany,VGRPB5,Price base (current prices / price-adjusted),VGRJPM,At current prices (bn EUR),438.372,unit app.,VGR012,Gross capital formation,
81000,National accounts of the Federation,JAHR,Year,2019,DINSG,Germany,DG,Germany,VGRPB5,Price base (current prices / price-adjusted),VGRJPM,At current prices (bn EUR),8.099,unit app.,VGR034,Changes in inv.,e
81000,National accounts of the Federation,JAHR,Year,2019,DINSG,Germany,DG,Germany,VGRPB5,Price base (current prices / price-adjusted),VGRJPM,At current prices (bn EUR),51.406,unit app.,VGR028,Final consumption expenditure of NPISHs,
81000,National accounts of the Federation,JAHR,Year,2019,DINSG,Germany,DG,Germany,VGRPB5,Price base (current prices / price-adjusted),VGRJPM,At current prices (bn EUR),198.344,unit app.,VGR022,Balance of exports and imports,
81000,National accounts of the Federation,JAHR,Year,2019,DINSG,Germany,DG,Germany,VGRPB5,Price base (current prices / price-adjusted),VGRJPM,At current prices (bn EUR),3338.936,unit app.,VGR038,Domestic uses,
81000,National accounts of the Federation,JAHR,Year,2019,DINSG,Germany,DG,Germany,VGRPB5,Price base (current prices / price-adjusted),VGRJPM,At current prices (bn EUR),135.875,unit app.,VGR042,GFCF in other products,
81000,National accounts of the Federation,JAHR,Year,2019,DINSG,Germany,DG,Germany,VGRPB5,Price base (current prices / price-adjusted),VGRJPM,At current prices (bn EUR),2313.943,unit app.,VGR094,Individual consumption,
81000,National accounts of the Federation,JAHR,Year,2019,DINSG,Germany,DG,Germany,VGRPB5,Price base (current prices / price-adjusted),VGRJPM,At current prices (bn EUR),2582.621,unit app.,VGR039,Final consumption expenditure,
81000,National accounts of the Federation,JAHR,Year,2019,DINSG,Germany,DG,Germany,VGRPB5,Price base (current prices / price-adjusted),VGRJPM,At current prices (bn EUR),448.828,unit app.,VGR018,Individual consumption expenditure of general gov.,
81000,National accounts of the Federation,JAHR,Year,2019,DINSG,Germany,DG,Germany,VGRPB5,Price base (current prices / price-adjusted),VGRJPM,At current prices (bn EUR),1813.709,unit app.,VGR026,Final consumption expenditure of households,
81000,National accounts of the Federation,JAHR,Year,2019,DINSG,Germany,DG,Germany,VGRPB5,Price base (current prices / price-adjusted),VGRJPM,At current prices (bn EUR),268.678,unit app.,VGR040,Collective consumption expenditure of gen. gov.,
81000,National accounts of the Federation,JAHR,Year,2019,DINSG,Germany,DG,Germany,VGRPB5,Price base (current prices / price-adjusted),VGRJPM,At current prices (bn EUR),363.289,unit app.,VGR009,GFCF in construction,
81000,National accounts of the Federation,JAHR,Year,2019,DINSG,Germany,DG,Germany,VGRPB5,Price base (current prices / price-adjusted),VGRJPM,At current prices (bn EUR),1865.115,unit app.,VGR035,Household final consumption expenditure,
81000,National accounts of the Federation,JAHR,Year,2019,DINSG,Germany,DG,Germany,VGRPB5,Price base (current prices / price-adjusted),VGRJPM,At current prices (bn EUR),748.216,unit app.,VGR041,Gross fixed capital formation (GFCF),
81000,National accounts of the Federation,JAHR,Year,2019,DINSG,Germany,DG,Germany,VGRPB5,Price base (current prices / price-adjusted),VGRJPM,At current prices (bn EUR),1497.693,unit app.,EXP001,Exports of goods and services,
81000,National accounts of the Federation,JAHR,Year,2019,DINSG,Germany,DG,Germany,VGRPB5,Price base (current prices / price-adjusted),VGRJPM,At current prices (bn EUR),3537.28,unit app.,VGR014,Gross domestic product,
81000,National accounts of the Federation,JAHR,Year,2019,DINSG,Germany,DG,Germany,VGRPB5,Price base (current prices / price-adjusted),VGRJPM,At current prices (bn EUR),249.052,unit app.,VGR008,GFCF in machinery and equipment,
81000,National accounts of the Federation,JAHR,Year,2019,DINSG,Germany,DG,Germany,VGRPB5,Price base (current prices / price-adjusted),VGRJPM,At current prices (bn EUR),717.506,unit app.,VGR015,Government final consumption expenditure,
81000,National accounts of the Federation,JAHR,Year,2019,DINSG,Germany,DG,Germany,VGRPB5,Price base (current prices / price-adjusted),VGRJPM,At current prices (bn EUR),1299.349,unit app.,IMP001,Imports of goods and services,
81000,National accounts of the Federation,JAHR,Year,2019,DINSG,Germany,DG,Germany,VGRPB5,Price base (current prices / price-adjusted),VGRJPM,At current prices (bn EUR),756.315,unit app.,VGR012,Gross capital formation,
81000,National accounts of the Federation,JAHR,Year,1991,DINSG,Germany,DG,Germany,VGRPB5,Price base (current prices / price-adjusted),VGRJPM,At current prices (bn EUR),22.051,unit app.,VGR034,Changes in inv.,e
81000,National accounts of the Federation,JAHR,Year,1991,DINSG,Germany,DG,Germany,VGRPB5,Price base (current prices / price-adjusted),VGRJPM,At current prices (bn EUR),22.522,unit app.,VGR028,Final consumption expenditure of NPISHs,
81000,National accounts of the Federation,JAHR,Year,1991,DINSG,Germany,DG,Germany,VGRPB5,Price base (current prices / price-adjusted),VGRJPM,At current prices (bn EUR),-8.012,unit app.,VGR022,Balance of exports and imports,
81000,National accounts of the Federation,JAHR,Year,1991,DINSG,Germany,DG,Germany,VGRPB5,Price base (current prices / price-adjusted),VGRJPM,At current prices (bn EUR),1599.622,unit app.,VGR038,Domestic uses,
81000,National accounts of the Federation,JAHR,Year,1991,DINSG,Germany,DG,Germany,VGRPB5,Price base (current prices / price-adjusted),VGRJPM,At current prices (bn EUR),44.948,unit app.,VGR042,GFCF in other products,
81000,National accounts of the Federation,JAHR,Year,1991,DINSG,Germany,DG,Germany,VGRPB5,Price base (current prices / price-adjusted),VGRJPM,At current prices (bn EUR),1048.813,unit app.,VGR094,Individual consumption,
81000,National accounts of the Federation,JAHR,Year,1991,DINSG,Germany,DG,Germany,VGRPB5,Price base (current prices / price-adjusted),VGRJPM,At current prices (bn EUR),1182.223,unit app.,VGR039,Final consumption expenditure,
81000,National accounts of the Federation,JAHR,Year,1991,DINSG,Germany,DG,Germany,VGRPB5,Price base (current prices / price-adjusted),VGRJPM,At current prices (bn EUR),166.004,unit app.,VGR018,Individual consumption expenditure of general gov.,
81000,National accounts of the Federation,JAHR,Year,1991,DINSG,Germany,DG,Germany,VGRPB5,Price base (current prices / price-adjusted),VGRJPM,At current prices (bn EUR),860.287,unit app.,VGR026,Final consumption expenditure of households,
81000,National accounts of the Federation,JAHR,Year,1991,DINSG,Germany,DG,Germany,VGRPB5,Price base (current prices / price-adjusted),VGRJPM,At current prices (bn EUR),133.41,unit app.,VGR040,Collective consumption expenditure of gen. gov.,
81000,National accounts of the Federation,JAHR,Year,1991,DINSG,Germany,DG,Germany,VGRPB5,Price base (current prices / price-adjusted),VGRJPM,At current prices (bn EUR),192.846,unit app.,VGR009,GFCF in construction,
81000,National accounts of the Federation,JAHR,Year,1991,DINSG,Germany,DG,Germany,VGRPB5,Price base (current prices / price-adjusted),VGRJPM,At current prices (bn EUR),882.809,unit app.,VGR035,Household final consumption expenditure,
81000,National accounts of the Federation,JAHR,Year,1991,DINSG,Germany,DG,Germany,VGRPB5,Price base (current prices / price-adjusted),VGRJPM,At current prices (bn EUR),395.348,unit app.,VGR041,Gross fixed capital formation (GFCF),
81000,National accounts of the Federation,JAHR,Year,1991,DINSG,Germany,DG,Germany,VGRPB5,Price base (current prices / price-adjusted),VGRJPM,At current prices (bn EUR),375.079,unit app.,EXP001,Exports of goods and services,
81000,National accounts of the Federation,JAHR,Year,1991,DINSG,Germany,DG,Germany,VGRPB5,Price base (current prices / price-adjusted),VGRJPM,At current prices (bn EUR),1591.61,unit app.,VGR014,Gross domestic product,
81000,National accounts of the Federation,JAHR,Year,1991,DINSG,Germany,DG,Germany,VGRPB5,Price base (current prices / price-adjusted),VGRJPM,At current prices (bn EUR),157.554,unit app.,VGR008,GFCF in machinery and equipment,
81000,National accounts of the Federation,JAHR,Year,1991,DINSG,Germany,DG,Germany,VGRPB5,Price base (current prices / price-adjusted),VGRJPM,At current prices (bn EUR),299.414,unit app.,VGR015,Government final consumption expenditure,
81000,National accounts of the Federation,JAHR,Year,1991,DINSG,Germany,DG,Germany,VGRPB5,Price base (current prices / price-adjusted),VGRJPM,At current prices (bn EUR),383.091,unit app.,IMP001,Imports of goods and services,
81000,National accounts of the Federation,JAHR,Year,1991,DINSG,Germany,DG,Germany,VGRPB5,Price base (current prices / price-adjusted),VGRJPM,At current prices (bn EUR),417.399,unit app.,VGR012,Gross capital formation,
81000,National accounts of the Federation,JAHR,Year,2005,DINSG,Germany,DG,Germany,VGRPB5,Price base (current prices / price-adjusted),VGRJPM,At current prices (bn EUR),-0.672,unit app.,VGR034,Changes in inv.,e
81000,National accounts of the Federation,JAHR,Year,2005,DINSG,Germany,DG,Germany,VGRPB5,Price base (current prices / price-adjusted),VGRJPM,At current prices (bn EUR),37.51,unit app.,VGR028,Final consumption expenditure of NPISHs,
81000,National accounts of the Federation,JAHR,Year,2005,DINSG,Germany,DG,Germany,VGRPB5,Price base (current prices / price-adjusted),VGRJPM,At current prices (bn EUR),115.197,unit app.,VGR022,Balance of exports and imports,
81000,National accounts of the Federation,JAHR,Year,2005,DINSG,Germany,DG,Germany,VGRPB5,Price base (current prices / price-adjusted),VGRJPM,At current prices (bn EUR),2210.513,unit app.,VGR038,Domestic uses,
81000,National accounts of the Federation,JAHR,Year,2005,DINSG,Germany,DG,Germany,VGRPB5,Price base (current prices / price-adjusted),VGRJPM,At current prices (bn EUR),69.844,unit app.,VGR042,GFCF in other products,
81000,National accounts of the Federation,JAHR,Year,2005,DINSG,Germany,DG,Germany,VGRPB5,Price base (current prices / price-adjusted),VGRJPM,At current prices (bn EUR),1596.749,unit app.,VGR094,Individual consumption,
81000,National accounts of the Federation,JAHR,Year,2005,DINSG,Germany,DG,Germany,VGRPB5,Price base (current prices / price-adjusted),VGRJPM,At current prices (bn EUR),1774.779,unit app.,VGR039,Final consumption expenditure,
81000,National accounts of the Federation,JAHR,Year,2005,DINSG,Germany,DG,Germany,VGRPB5,Price base (current prices / price-adjusted),VGRJPM,At current prices (bn EUR),262.296,unit app.,VGR018,Individual consumption expenditure of general gov.,
81000,National accounts of the Federation,JAHR,Year,2005,DINSG,Germany,DG,Germany,VGRPB5,Price base (current prices / price-adjusted),VGRJPM,At current prices (bn EUR),1296.943,unit app.,VGR026,Final consumption expenditure of households,
81000,National accounts of the Federation,JAHR,Year,2005,DINSG,Germany,DG,Germany,VGRPB5,Price base (current prices / price-adjusted),VGRJPM,At current prices (bn EUR),178.03,unit app.,VGR040,Collective consumption expenditure of gen. gov.,
81000,National accounts of the Federation,JAHR,Year,2005,DINSG,Germany,DG,Germany,VGRPB5,Price base (current prices / price-adjusted),VGRJPM,At current prices (bn EUR),200.611,unit app.,VGR009,GFCF in construction,
81000,National accounts of the Federation,JAHR,Year,2005,DINSG,Germany,DG,Germany,VGRPB5,Price base (current prices / price-adjusted),VGRJPM,At current prices (bn EUR),1334.453,unit app.,VGR035,Household final consumption expenditure,
81000,National accounts of the Federation,JAHR,Year,2005,DINSG,Germany,DG,Germany,VGRPB5,Price base (current prices / price-adjusted),VGRJPM,At current prices (bn EUR),436.406,unit app.,VGR041,Gross fixed capital formation (GFCF),
81000,National accounts of the Federation,JAHR,Year,2005,DINSG,Germany,DG,Germany,VGRPB5,Price base (current prices / price-adjusted),VGRJPM,At current prices (bn EUR),836.166,unit app.,EXP001,Exports of goods and services,
81000,National accounts of the Federation,JAHR,Year,2005,DINSG,Germany,DG,Germany,VGRPB5,Price base (current prices / price-adjusted),VGRJPM,At current prices (bn EUR),2325.71,unit app.,VGR014,Gross domestic product,
81000,National accounts of the Federation,JAHR,Year,2005,DINSG,Germany,DG,Germany,VGRPB5,Price base (current prices / price-adjusted),VGRJPM,At current prices (bn EUR),165.951,unit app.,VGR008,GFCF in machinery and equipment,
81000,National accounts of the Federation,JAHR,Year,2005,DINSG,Germany,DG,Germany,VGRPB5,Price base (current prices / price-adjusted),VGRJPM,At current prices (bn EUR),440.326,unit app.,VGR015,Government final consumption expenditure,
81000,National accounts of the Federation,JAHR,Year,2005,DINSG,Germany,DG,Germany,VGRPB5,Price base (current prices / price-adjusted),VGRJPM,At current prices (bn EUR),720.969,unit app.,IMP001,Imports of goods and services,
81000,National accounts of the Federation,JAHR,Year,2005,DINSG,Germany,DG,Germany,VGRPB5,Price base (current prices / price-adjusted),VGRJPM,At current prices (bn EUR),435.734,unit app.,VGR012,Gross capital formation,
81000,National accounts of the Federation,JAHR,Year,2004,DINSG,Germany,DG,Germany,VGRPB5,Price base (current prices / price-adjusted),VGRJPM,At current prices (bn EUR),4.355,unit app.,VGR034,Changes in inv.,e
81000,National accounts of the Federation,JAHR,Year,2004,DINSG,Germany,DG,Germany,VGRPB5,Price base (current prices / price-adjusted),VGRJPM,At current prices (bn EUR),38.53,unit app.,VGR028,Final consumption expenditure of NPISHs,
81000,National accounts of the Federation,JAHR,Year,2004,DINSG,Germany,DG,Germany,VGRPB5,Price base (current prices / price-adjusted),VGRJPM,At current prices (bn EUR),113.825,unit app.,VGR022,Balance of exports and imports,
81000,National accounts of the Federation,JAHR,Year,2004,DINSG,Germany,DG,Germany,VGRPB5,Price base (current prices / price-adjusted),VGRJPM,At current prices (bn EUR),2179.215,unit app.,VGR038,Domestic uses,
81000,National accounts of the Federation,JAHR,Year,2004,DINSG,Germany,DG,Germany,VGRPB5,Price base (current prices / price-adjusted),VGRJPM,At current prices (bn EUR),68.92,unit app.,VGR042,GFCF in other products,
81000,National accounts of the Federation,JAHR,Year,2004,DINSG,Germany,DG,Germany,VGRPB5,Price base (current prices / price-adjusted),VGRJPM,At current prices (bn EUR),1561.627,unit app.,VGR094,Individual consumption,
81000,National accounts of the Federation,JAHR,Year,2004,DINSG,Germany,DG,Germany,VGRPB5,Price base (current prices / price-adjusted),VGRJPM,At current prices (bn EUR),1743.047,unit app.,VGR039,Final consumption expenditure,
81000,National accounts of the Federation,JAHR,Year,2004,DINSG,Germany,DG,Germany,VGRPB5,Price base (current prices / price-adjusted),VGRJPM,At current prices (bn EUR),255.406,unit app.,VGR018,Individual consumption expenditure of general gov.,
81000,National accounts of the Federation,JAHR,Year,2004,DINSG,Germany,DG,Germany,VGRPB5,Price base (current prices / price-adjusted),VGRJPM,At current prices (bn EUR),1267.691,unit app.,VGR026,Final consumption expenditure of households,
81000,National accounts of the Federation,JAHR,Year,2004,DINSG,Germany,DG,Germany,VGRPB5,Price base (current prices / price-adjusted),VGRJPM,At current prices (bn EUR),181.42,unit app.,VGR040,Collective consumption expenditure of gen. gov.,
81000,National accounts of the Federation,JAHR,Year,2004,DINSG,Germany,DG,Germany,VGRPB5,Price base (current prices / price-adjusted),VGRJPM,At current prices (bn EUR),206.268,unit app.,VGR009,GFCF in construction,
81000,National accounts of the Federation,JAHR,Year,2004,DINSG,Germany,DG,Germany,VGRPB5,Price base (current prices / price-adjusted),VGRJPM,At current prices (bn EUR),1306.221,unit app.,VGR035,Household final consumption expenditure,
81000,National accounts of the Federation,JAHR,Year,2004,DINSG,Germany,DG,Germany,VGRPB5,Price base (current prices / price-adjusted),VGRJPM,At current prices (bn EUR),431.813,unit app.,VGR041,Gross fixed capital formation (GFCF),
81000,National accounts of the Federation,JAHR,Year,2004,DINSG,Germany,DG,Germany,VGRPB5,Price base (current prices / price-adjusted),VGRJPM,At current prices (bn EUR),778.148,unit app.,EXP001,Exports of goods and services,
81000,National accounts of the Federation,JAHR,Year,2004,DINSG,Germany,DG,Germany,VGRPB5,Price base (current prices / price-adjusted),VGRJPM,At current prices (bn EUR),2293.04,unit app.,VGR014,Gross domestic product,
81000,National accounts of the Federation,JAHR,Year,2004,DINSG,Germany,DG,Germany,VGRPB5,Price base (current prices / price-adjusted),VGRJPM,At current prices (bn EUR),156.625,unit app.,VGR008,GFCF in machinery and equipment,
81000,National accounts of the Federation,JAHR,Year,2004,DINSG,Germany,DG,Germany,VGRPB5,Price base (current prices / price-adjusted),VGRJPM,At current prices (bn EUR),436.826,unit app.,VGR015,Government final consumption expenditure,
81000,National accounts of the Federation,JAHR,Year,2004,DINSG,Germany,DG,Germany,VGRPB5,Price base (current prices / price-adjusted),VGRJPM,At current prices (bn EUR),664.323,unit app.,IMP001,Imports of goods and services,
81000,National accounts of the Federation,JAHR,Year,2004,DINSG,Germany,DG,Germany,VGRPB5,Price base (current prices / price-adjusted),VGRJPM,At current prices (bn EUR),436.168,unit app.,VGR012,Gross capital formation,
81000,National accounts of the Federation,JAHR,Year,1999,DINSG,Germany,DG,Germany,VGRPB5,Price base (current prices / price-adjusted),VGRJPM,At current prices (bn EUR),19.212,unit app.,VGR034,Changes in inv.,e
81000,National accounts of the Federation,JAHR,Year,1999,DINSG,Germany,DG,Germany,VGRPB5,Price base (current prices / price-adjusted),VGRJPM,At current prices (bn EUR),32.94,unit app.,VGR028,Final consumption expenditure of NPISHs,
81000,National accounts of the Federation,JAHR,Year,1999,DINSG,Germany,DG,Germany,VGRPB5,Price base (current prices / price-adjusted),VGRJPM,At current prices (bn EUR),11.228,unit app.,VGR022,Balance of exports and imports,
81000,National accounts of the Federation,JAHR,Year,1999,DINSG,Germany,DG,Germany,VGRPB5,Price base (current prices / price-adjusted),VGRJPM,At current prices (bn EUR),2066.012,unit app.,VGR038,Domestic uses,
81000,National accounts of the Federation,JAHR,Year,1999,DINSG,Germany,DG,Germany,VGRPB5,Price base (current prices / price-adjusted),VGRJPM,At current prices (bn EUR),62.502,unit app.,VGR042,GFCF in other products,
81000,National accounts of the Federation,JAHR,Year,1999,DINSG,Germany,DG,Germany,VGRPB5,Price base (current prices / price-adjusted),VGRJPM,At current prices (bn EUR),1400.671,unit app.,VGR094,Individual consumption,
81000,National accounts of the Federation,JAHR,Year,1999,DINSG,Germany,DG,Germany,VGRPB5,Price base (current prices / price-adjusted),VGRJPM,At current prices (bn EUR),1572.494,unit app.,VGR039,Final consumption expenditure,
81000,National accounts of the Federation,JAHR,Year,1999,DINSG,Germany,DG,Germany,VGRPB5,Price base (current prices / price-adjusted),VGRJPM,At current prices (bn EUR),235.772,unit app.,VGR018,Individual consumption expenditure of general gov.,
81000,National accounts of the Federation,JAHR,Year,1999,DINSG,Germany,DG,Germany,VGRPB5,Price base (current prices / price-adjusted),VGRJPM,At current prices (bn EUR),1131.959,unit app.,VGR026,Final consumption expenditure of households,
81000,National accounts of the Federation,JAHR,Year,1999,DINSG,Germany,DG,Germany,VGRPB5,Price base (current prices / price-adjusted),VGRJPM,At current prices (bn EUR),171.823,unit app.,VGR040,Collective consumption expenditure of gen. gov.,
81000,National accounts of the Federation,JAHR,Year,1999,DINSG,Germany,DG,Germany,VGRPB5,Price base (current prices / price-adjusted),VGRJPM,At current prices (bn EUR),248.19,unit app.,VGR009,GFCF in construction,
81000,National accounts of the Federation,JAHR,Year,1999,DINSG,Germany,DG,Germany,VGRPB5,Price base (current prices / price-adjusted),VGRJPM,At current prices (bn EUR),1164.899,unit app.,VGR035,Household final consumption expenditure,
81000,National accounts of the Federation,JAHR,Year,1999,DINSG,Germany,DG,Germany,VGRPB5,Price base (current prices / price-adjusted),VGRJPM,At current prices (bn EUR),474.306,unit app.,VGR041,Gross fixed capital formation (GFCF),
81000,National accounts of the Federation,JAHR,Year,1999,DINSG,Germany,DG,Germany,VGRPB5,Price base (current prices / price-adjusted),VGRJPM,At current prices (bn EUR),540.703,unit app.,EXP001,Exports of goods and services,
81000,National accounts of the Federation,JAHR,Year,1999,DINSG,Germany,DG,Germany,VGRPB5,Price base (current prices / price-adjusted),VGRJPM,At current prices (bn EUR),2077.24,unit app.,VGR014,Gross domestic product,
81000,National accounts of the Federation,JAHR,Year,1999,DINSG,Germany,DG,Germany,VGRPB5,Price base (current prices / price-adjusted),VGRJPM,At current prices (bn EUR),163.614,unit app.,VGR008,GFCF in machinery and equipment,
81000,National accounts of the Federation,JAHR,Year,1999,DINSG,Germany,DG,Germany,VGRPB5,Price base (current prices / price-adjusted),VGRJPM,At current prices (bn EUR),407.595,unit app.,VGR015,Government final consumption expenditure,
81000,National accounts of the Federation,JAHR,Year,1999,DINSG,Germany,DG,Germany,VGRPB5,Price base (current prices / price-adjusted),VGRJPM,At current prices (bn EUR),529.475,unit app.,IMP001,Imports of goods and services,
81000,National accounts of the Federation,JAHR,Year,1999,DINSG,Germany,DG,Germany,VGRPB5,Price base (current prices / price-adjusted),VGRJPM,At current prices (bn EUR),493.518,unit app.,VGR012,Gross capital formation,
81000,National accounts of the Federation,JAHR,Year,2010,DINSG,Germany,DG,Germany,VGRPB5,Price base (current prices / price-adjusted),VGRJPM,At current prices (bn EUR),9.02,unit app.,VGR034,Changes in inv.,e
81000,National accounts of the Federation,JAHR,Year,2010,DINSG,Germany,DG,Germany,VGRPB5,Price base (current prices / price-adjusted),VGRJPM,At current prices (bn EUR),41.86,unit app.,VGR028,Final consumption expenditure of NPISHs,
81000,National accounts of the Federation,JAHR,Year,2010,DINSG,Germany,DG,Germany,VGRPB5,Price base (current prices / price-adjusted),VGRJPM,At current prices (bn EUR),133.521,unit app.,VGR022,Balance of exports and imports,
81000,National accounts of the Federation,JAHR,Year,2010,DINSG,Germany,DG,Germany,VGRPB5,Price base (current prices / price-adjusted),VGRJPM,At current prices (bn EUR),2481.739,unit app.,VGR038,Domestic uses,
81000,National accounts of the Federation,JAHR,Year,2010,DINSG,Germany,DG,Germany,VGRPB5,Price base (current prices / price-adjusted),VGRJPM,At current prices (bn EUR),84.336,unit app.,VGR042,GFCF in other products,
81000,National accounts of the Federation,JAHR,Year,2010,DINSG,Germany,DG,Germany,VGRPB5,Price base (current prices / price-adjusted),VGRJPM,At current prices (bn EUR),1773.695,unit app.,VGR094,Individual consumption,
81000,National accounts of the Federation,JAHR,Year,2010,DINSG,Germany,DG,Germany,VGRPB5,Price base (current prices / price-adjusted),VGRJPM,At current prices (bn EUR),1970.951,unit app.,VGR039,Final consumption expenditure,
81000,National accounts of the Federation,JAHR,Year,2010,DINSG,Germany,DG,Germany,VGRPB5,Price base (current prices / price-adjusted),VGRJPM,At current prices (bn EUR),314.766,unit app.,VGR018,Individual consumption expenditure of general gov.,
81000,National accounts of the Federation,JAHR,Year,2010,DINSG,Germany,DG,Germany,VGRPB5,Price base (current prices / price-adjusted),VGRJPM,At current prices (bn EUR),1417.069,unit app.,VGR026,Final consumption expenditure of households,
81000,National accounts of the Federation,JAHR,Year,2010,DINSG,Germany,DG,Germany,VGRPB5,Price base (current prices / price-adjusted),VGRJPM,At current prices (bn EUR),197.256,unit app.,VGR040,Collective consumption expenditure of gen. gov.,
81000,National accounts of the Federation,JAHR,Year,2010,DINSG,Germany,DG,Germany,VGRPB5,Price base (current prices / price-adjusted),VGRJPM,At current prices (bn EUR),237.854,unit app.,VGR009,GFCF in construction,
81000,National accounts of the Federation,JAHR,Year,2010,DINSG,Germany,DG,Germany,VGRPB5,Price base (current prices / price-adjusted),VGRJPM,At current prices (bn EUR),1458.929,unit app.,VGR035,Household final consumption expenditure,
81000,National accounts of the Federation,JAHR,Year,2010,DINSG,Germany,DG,Germany,VGRPB5,Price base (current prices / price-adjusted),VGRJPM,At current prices (bn EUR),501.768,unit app.,VGR041,Gross fixed capital formation (GFCF),
81000,National accounts of the Federation,JAHR,Year,2010,DINSG,Germany,DG,Germany,VGRPB5,Price base (current prices / price-adjusted),VGRJPM,At current prices (bn EUR),1032.906,unit app.,EXP001,Exports of goods and services,
81000,National accounts of the Federation,JAHR,Year,2010,DINSG,Germany,DG,Germany,VGRPB5,Price base (current prices / price-adjusted),VGRJPM,At current prices (bn EUR),2615.26,unit app.,VGR014,Gross domestic product,
81000,National accounts of the Federation,JAHR,Year,2010,DINSG,Germany,DG,Germany,VGRPB5,Price base (current prices / price-adjusted),VGRJPM,At current prices (bn EUR),179.578,unit app.,VGR008,GFCF in machinery and equipment,
81000,National accounts of the Federation,JAHR,Year,2010,DINSG,Germany,DG,Germany,VGRPB5,Price base (current prices / price-adjusted),VGRJPM,At current prices (bn EUR),512.022,unit app.,VGR015,Government final consumption expenditure,
81000,National accounts of the Federation,JAHR,Year,2010,DINSG,Germany,DG,Germany,VGRPB5,Price base (current prices / price-adjusted),VGRJPM,At current prices (bn EUR),899.385,unit app.,IMP001,Imports of goods and services,
81000,National accounts of the Federation,JAHR,Year,2010,DINSG,Germany,DG,Germany,VGRPB5,Price base (current prices / price-adjusted),VGRJPM,At current prices (bn EUR),510.788,unit app.,VGR012,Gross capital formation,
81000,National accounts of the Federation,JAHR,Year,2021,DINSG,Germany,DG,Germany,VGRPB5,Price base (current prices / price-adjusted),VGRJPM,At current prices (bn EUR),54.924,unit app.,VGR034,Changes in inv.,e
81000,National accounts of the Federation,JAHR,Year,2021,DINSG,Germany,DG,Germany,VGRPB5,Price base (current prices / price-adjusted),VGRJPM,At current prices (bn EUR),54.198,unit app.,VGR028,Final consumption expenditure of NPISHs,
81000,National accounts of the Federation,JAHR,Year,2021,DINSG,Germany,DG,Germany,VGRPB5,Price base (current prices / price-adjusted),VGRJPM,At current prices (bn EUR),188.541,unit app.,VGR022,Balance of exports and imports,
81000,National accounts of the Federation,JAHR,Year,2021,DINSG,Germany,DG,Germany,VGRPB5,Price base (current prices / price-adjusted),VGRJPM,At current prices (bn EUR),3493.799,unit app.,VGR038,Domestic uses,
81000,National accounts of the Federation,JAHR,Year,2021,DINSG,Germany,DG,Germany,VGRPB5,Price base (current prices / price-adjusted),VGRJPM,At current prices (bn EUR),140.146,unit app.,VGR042,GFCF in other products,
81000,National accounts of the Federation,JAHR,Year,2021,DINSG,Germany,DG,Germany,VGRPB5,Price base (current prices / price-adjusted),VGRJPM,At current prices (bn EUR),2356.056,unit app.,VGR094,Individual consumption,
81000,National accounts of the Federation,JAHR,Year,2021,DINSG,Germany,DG,Germany,VGRPB5,Price base (current prices / price-adjusted),VGRJPM,At current prices (bn EUR),2658.9,unit app.,VGR039,Final consumption expenditure,
81000,National accounts of the Federation,JAHR,Year,2021,DINSG,Germany,DG,Germany,VGRPB5,Price base (current prices / price-adjusted),VGRJPM,At current prices (bn EUR),514.377,unit app.,VGR018,Individual consumption expenditure of general gov.,
81000,National accounts of the Federation,JAHR,Year,2021,DINSG,Germany,DG,Germany,VGRPB5,Price base (current prices / price-adjusted),VGRJPM,At current prices (bn EUR),1787.481,unit app.,VGR026,Final consumption expenditure of households,
81000,National accounts of the Federation,JAHR,Year,2021,DINSG,Germany,DG,Germany,VGRPB5,Price base (current prices / price-adjusted),VGRJPM,At current prices (bn EUR),302.844,unit app.,VGR040,Collective consumption expenditure of gen. gov.,
81000,National accounts of the Federation,JAHR,Year,2021,DINSG,Germany,DG,Germany,VGRPB5,Price base (current prices / price-adjusted),VGRJPM,At current prices (bn EUR),404.211,unit app.,VGR009,GFCF in construction,
81000,National accounts of the Federation,JAHR,Year,2021,DINSG,Germany,DG,Germany,VGRPB5,Price base (current prices / price-adjusted),VGRJPM,At current prices (bn EUR),1841.679,unit app.,VGR035,Household final consumption expenditure,
81000,National accounts of the Federation,JAHR,Year,2021,DINSG,Germany,DG,Germany,VGRPB5,Price base (current prices / price-adjusted),VGRJPM,At current prices (bn EUR),779.975,unit app.,VGR041,Gross fixed capital formation (GFCF),
81000,National accounts of the Federation,JAHR,Year,2021,DINSG,Germany,DG,Germany,VGRPB5,Price base (current prices / price-adjusted),VGRJPM,At current prices (bn EUR),1565.725,unit app.,EXP001,Exports of goods and services,
81000,National accounts of the Federation,JAHR,Year,2021,DINSG,Germany,DG,Germany,VGRPB5,Price base (current prices / price-adjusted),VGRJPM,At current prices (bn EUR),3682.34,unit app.,VGR014,Gross domestic product,
81000,National accounts of the Federation,JAHR,Year,2021,DINSG,Germany,DG,Germany,VGRPB5,Price base (current prices / price-adjusted),VGRJPM,At current prices (bn EUR),235.618,unit app.,VGR008,GFCF in machinery and equipment,
81000,National accounts of the Federation,JAHR,Year,2021,DINSG,Germany,DG,Germany,VGRPB5,Price base (current prices / price-adjusted),VGRJPM,At current prices (bn EUR),817.221,unit app.,VGR015,Government final consumption expenditure,
81000,National accounts of the Federation,JAHR,Year,2021,DINSG,Germany,DG,Germany,VGRPB5,Price base (current prices / price-adjusted),VGRJPM,At current prices (bn EUR),1377.184,unit app.,IMP001,Imports of goods and services,
81000,National accounts of the Federation,JAHR,Year,2021,DINSG,Germany,DG,Germany,VGRPB5,Price base (current prices / price-adjusted),VGRJPM,At current prices (bn EUR),834.899,unit app.,VGR012,Gross capital formation,
81000,National accounts of the Federation,JAHR,Year,2011,DINSG,Germany,DG,Germany,VGRPB5,Price base (current prices / price-adjusted),VGRJPM,At current prices (bn EUR),34.58,unit app.,VGR034,Changes in inv.,e
81000,National accounts of the Federation,JAHR,Year,2011,DINSG,Germany,DG,Germany,VGRPB5,Price base (current prices / price-adjusted),VGRJPM,At current prices (bn EUR),42.915,unit app.,VGR028,Final consumption expenditure of NPISHs,
81000,National accounts of the Federation,JAHR,Year,2011,DINSG,Germany,DG,Germany,VGRPB5,Price base (current prices / price-adjusted),VGRJPM,At current prices (bn EUR),133.342,unit app.,VGR022,Balance of exports and imports,
81000,National accounts of the Federation,JAHR,Year,2011,DINSG,Germany,DG,Germany,VGRPB5,Price base (current prices / price-adjusted),VGRJPM,At current prices (bn EUR),2613.568,unit app.,VGR038,Domestic uses,
81000,National accounts of the Federation,JAHR,Year,2011,DINSG,Germany,DG,Germany,VGRPB5,Price base (current prices / price-adjusted),VGRJPM,At current prices (bn EUR),90.972,unit app.,VGR042,GFCF in other products,
81000,National accounts of the Federation,JAHR,Year,2011,DINSG,Germany,DG,Germany,VGRPB5,Price base (current prices / price-adjusted),VGRJPM,At current prices (bn EUR),1829.375,unit app.,VGR094,Individual consumption,
81000,National accounts of the Federation,JAHR,Year,2011,DINSG,Germany,DG,Germany,VGRPB5,Price base (current prices / price-adjusted),VGRJPM,At current prices (bn EUR),2029.383,unit app.,VGR039,Final consumption expenditure,
81000,National accounts of the Federation,JAHR,Year,2011,DINSG,Germany,DG,Germany,VGRPB5,Price base (current prices / price-adjusted),VGRJPM,At current prices (bn EUR),323.413,unit app.,VGR018,Individual consumption expenditure of general gov.,
81000,National accounts of the Federation,JAHR,Year,2011,DINSG,Germany,DG,Germany,VGRPB5,Price base (current prices / price-adjusted),VGRJPM,At current prices (bn EUR),1463.047,unit app.,VGR026,Final consumption expenditure of households,
81000,National accounts of the Federation,JAHR,Year,2011,DINSG,Germany,DG,Germany,VGRPB5,Price base (current prices / price-adjusted),VGRJPM,At current prices (bn EUR),200.008,unit app.,VGR040,Collective consumption expenditure of gen. gov.,
81000,National accounts of the Federation,JAHR,Year,2011,DINSG,Germany,DG,Germany,VGRPB5,Price base (current prices / price-adjusted),VGRJPM,At current prices (bn EUR),265.164,unit app.,VGR009,GFCF in construction,
81000,National accounts of the Federation,JAHR,Year,2011,DINSG,Germany,DG,Germany,VGRPB5,Price base (current prices / price-adjusted),VGRJPM,At current prices (bn EUR),1505.962,unit app.,VGR035,Household final consumption expenditure,
81000,National accounts of the Federation,JAHR,Year,2011,DINSG,Germany,DG,Germany,VGRPB5,Price base (current prices / price-adjusted),VGRJPM,At current prices (bn EUR),549.605,unit app.,VGR041,Gross fixed capital formation (GFCF),
81000,National accounts of the Federation,JAHR,Year,2011,DINSG,Germany,DG,Germany,VGRPB5,Price base (current prices / price-adjusted),VGRJPM,At current prices (bn EUR),1143.913,unit app.,EXP001,Exports of goods and services,
81000,National accounts of the Federation,JAHR,Year,2011,DINSG,Germany,DG,Germany,VGRPB5,Price base (current prices / price-adjusted),VGRJPM,At current prices (bn EUR),2746.91,unit app.,VGR014,Gross domestic product,
81000,National accounts of the Federation,JAHR,Year,2011,DINSG,Germany,DG,Germany,VGRPB5,Price base (current prices / price-adjusted),VGRJPM,At current prices (bn EUR),193.469,unit app.,VGR008,GFCF in machinery and equipment,
81000,National accounts of the Federation,JAHR,Year,2011,DINSG,Germany,DG,Germany,VGRPB5,Price base (current prices / price-adjusted),VGRJPM,At current prices (bn EUR),523.421,unit app.,VGR015,Government final consumption expenditure,
81000,National accounts of the Federation,JAHR,Year,2011,DINSG,Germany,DG,Germany,VGRPB5,Price base (current prices / price-adjusted),VGRJPM,At current prices (bn EUR),1010.571,unit app.,IMP001,Imports of goods and services,
81000,National accounts of the Federation,JAHR,Year,2011,DINSG,Germany,DG,Germany,VGRPB5,Price base (current prices / price-adjusted),VGRJPM,At current prices (bn EUR),584.185,unit app.,VGR012,Gross capital formation,
81000,National accounts of the Federation,JAHR,Year,2002,DINSG,Germany,DG,Germany,VGRPB5,Price base (current prices / price-adjusted),VGRJPM,At current prices (bn EUR),5.893,unit app.,VGR034,Changes in inv.,e
81000,National accounts of the Federation,JAHR,Year,2002,DINSG,Germany,DG,Germany,VGRPB5,Price base (current prices / price-adjusted),VGRJPM,At current prices (bn EUR),36.215,unit app.,VGR028,Final consumption expenditure of NPISHs,
81000,National accounts of the Federation,JAHR,Year,2002,DINSG,Germany,DG,Germany,VGRPB5,Price base (current prices / price-adjusted),VGRJPM,At current prices (bn EUR),90.009,unit app.,VGR022,Balance of exports and imports,
81000,National accounts of the Federation,JAHR,Year,2002,DINSG,Germany,DG,Germany,VGRPB5,Price base (current prices / price-adjusted),VGRJPM,At current prices (bn EUR),2133.351,unit app.,VGR038,Domestic uses,
81000,National accounts of the Federation,JAHR,Year,2002,DINSG,Germany,DG,Germany,VGRPB5,Price base (current prices / price-adjusted),VGRJPM,At current prices (bn EUR),68.274,unit app.,VGR042,GFCF in other products,
81000,National accounts of the Federation,JAHR,Year,2002,DINSG,Germany,DG,Germany,VGRPB5,Price base (current prices / price-adjusted),VGRJPM,At current prices (bn EUR),1504.049,unit app.,VGR094,Individual consumption,
81000,National accounts of the Federation,JAHR,Year,2002,DINSG,Germany,DG,Germany,VGRPB5,Price base (current prices / price-adjusted),VGRJPM,At current prices (bn EUR),1685.305,unit app.,VGR039,Final consumption expenditure,
81000,National accounts of the Federation,JAHR,Year,2002,DINSG,Germany,DG,Germany,VGRPB5,Price base (current prices / price-adjusted),VGRJPM,At current prices (bn EUR),253.11,unit app.,VGR018,Individual consumption expenditure of general gov.,
81000,National accounts of the Federation,JAHR,Year,2002,DINSG,Germany,DG,Germany,VGRPB5,Price base (current prices / price-adjusted),VGRJPM,At current prices (bn EUR),1214.724,unit app.,VGR026,Final consumption expenditure of households,
81000,National accounts of the Federation,JAHR,Year,2002,DINSG,Germany,DG,Germany,VGRPB5,Price base (current prices / price-adjusted),VGRJPM,At current prices (bn EUR),181.256,unit app.,VGR040,Collective consumption expenditure of gen. gov.,
81000,National accounts of the Federation,JAHR,Year,2002,DINSG,Germany,DG,Germany,VGRPB5,Price base (current prices / price-adjusted),VGRJPM,At current prices (bn EUR),216.989,unit app.,VGR009,GFCF in construction,
81000,National accounts of the Federation,JAHR,Year,2002,DINSG,Germany,DG,Germany,VGRPB5,Price base (current prices / price-adjusted),VGRJPM,At current prices (bn EUR),1250.939,unit app.,VGR035,Household final consumption expenditure,
81000,National accounts of the Federation,JAHR,Year,2002,DINSG,Germany,DG,Germany,VGRPB5,Price base (current prices / price-adjusted),VGRJPM,At current prices (bn EUR),442.153,unit app.,VGR041,Gross fixed capital formation (GFCF),
81000,National accounts of the Federation,JAHR,Year,2002,DINSG,Germany,DG,Germany,VGRPB5,Price base (current prices / price-adjusted),VGRJPM,At current prices (bn EUR),693.476,unit app.,EXP001,Exports of goods and services,
81000,National accounts of the Federation,JAHR,Year,2002,DINSG,Germany,DG,Germany,VGRPB5,Price base (current prices / price-adjusted),VGRJPM,At current prices (bn EUR),2223.36,unit app.,VGR014,Gross domestic product,
81000,National accounts of the Federation,JAHR,Year,2002,DINSG,Germany,DG,Germany,VGRPB5,Price base (current prices / price-adjusted),VGRJPM,At current prices (bn EUR),156.89,unit app.,VGR008,GFCF in machinery and equipment,
81000,National accounts of the Federation,JAHR,Year,2002,DINSG,Germany,DG,Germany,VGRPB5,Price base (current prices / price-adjusted),VGRJPM,At current prices (bn EUR),434.366,unit app.,VGR015,Government final consumption expenditure,
81000,National accounts of the Federation,JAHR,Year,2002,DINSG,Germany,DG,Germany,VGRPB5,Price base (current prices / price-adjusted),VGRJPM,At current prices (bn EUR),603.467,unit app.,IMP001,Imports of goods and services,
81000,National accounts of the Federation,JAHR,Year,2002,DINSG,Germany,DG,Germany,VGRPB5,Price base (current prices / price-adjusted),VGRJPM,At current prices (bn EUR),448.046,unit app.,VGR012,Gross capital formation,
81000,National accounts of the Federation,JAHR,Year,2003,DINSG,Germany,DG,Germany,VGRPB5,Price base (current prices / price-adjusted),VGRJPM,At current prices (bn EUR),7.008,unit app.,VGR034,Changes in inv.,e
81000,National accounts of the Federation,JAHR,Year,2003,DINSG,Germany,DG,Germany,VGRPB5,Price base (current prices / price-adjusted),VGRJPM,At current prices (bn EUR),37.889,unit app.,VGR028,Final consumption expenditure of NPISHs,
81000,National accounts of the Federation,JAHR,Year,2003,DINSG,Germany,DG,Germany,VGRPB5,Price base (current prices / price-adjusted),VGRJPM,At current prices (bn EUR),81.143,unit app.,VGR022,Balance of exports and imports,
81000,National accounts of the Federation,JAHR,Year,2003,DINSG,Germany,DG,Germany,VGRPB5,Price base (current prices / price-adjusted),VGRJPM,At current prices (bn EUR),2159.667,unit app.,VGR038,Domestic uses,
81000,National accounts of the Federation,JAHR,Year,2003,DINSG,Germany,DG,Germany,VGRPB5,Price base (current prices / price-adjusted),VGRJPM,At current prices (bn EUR),67.598,unit app.,VGR042,GFCF in other products,
81000,National accounts of the Federation,JAHR,Year,2003,DINSG,Germany,DG,Germany,VGRPB5,Price base (current prices / price-adjusted),VGRJPM,At current prices (bn EUR),1540.551,unit app.,VGR094,Individual consumption,
81000,National accounts of the Federation,JAHR,Year,2003,DINSG,Germany,DG,Germany,VGRPB5,Price base (current prices / price-adjusted),VGRJPM,At current prices (bn EUR),1720.992,unit app.,VGR039,Final consumption expenditure,
81000,National accounts of the Federation,JAHR,Year,2003,DINSG,Germany,DG,Germany,VGRPB5,Price base (current prices / price-adjusted),VGRJPM,At current prices (bn EUR),258.127,unit app.,VGR018,Individual consumption expenditure of general gov.,
81000,National accounts of the Federation,JAHR,Year,2003,DINSG,Germany,DG,Germany,VGRPB5,Price base (current prices / price-adjusted),VGRJPM,At current prices (bn EUR),1244.535,unit app.,VGR026,Final consumption expenditure of households,
81000,National accounts of the Federation,JAHR,Year,2003,DINSG,Germany,DG,Germany,VGRPB5,Price base (current prices / price-adjusted),VGRJPM,At current prices (bn EUR),180.441,unit app.,VGR040,Collective consumption expenditure of gen. gov.,
81000,National accounts of the Federation,JAHR,Year,2003,DINSG,Germany,DG,Germany,VGRPB5,Price base (current prices / price-adjusted),VGRJPM,At current prices (bn EUR),211.687,unit app.,VGR009,GFCF in construction,
81000,National accounts of the Federation,JAHR,Year,2003,DINSG,Germany,DG,Germany,VGRPB5,Price base (current prices / price-adjusted),VGRJPM,At current prices (bn EUR),1282.424,unit app.,VGR035,Household final consumption expenditure,
81000,National accounts of the Federation,JAHR,Year,2003,DINSG,Germany,DG,Germany,VGRPB5,Price base (current prices / price-adjusted),VGRJPM,At current prices (bn EUR),431.667,unit app.,VGR041,Gross fixed capital formation (GFCF),
81000,National accounts of the Federation,JAHR,Year,2003,DINSG,Germany,DG,Germany,VGRPB5,Price base (current prices / price-adjusted),VGRJPM,At current prices (bn EUR),700.653,unit app.,EXP001,Exports of goods and services,
81000,National accounts of the Federation,JAHR,Year,2003,DINSG,Germany,DG,Germany,VGRPB5,Price base (current prices / price-adjusted),VGRJPM,At current prices (bn EUR),2240.81,unit app.,VGR014,Gross domestic product,
81000,National accounts of the Federation,JAHR,Year,2003,DINSG,Germany,DG,Germany,VGRPB5,Price base (current prices / price-adjusted),VGRJPM,At current prices (bn EUR),152.382,unit app.,VGR008,GFCF in machinery and equipment,
81000,National accounts of the Federation,JAHR,Year,2003,DINSG,Germany,DG,Germany,VGRPB5,Price base (current prices / price-adjusted),VGRJPM,At current prices (bn EUR),438.568,unit app.,VGR015,Government final consumption expenditure,
81000,National accounts of the Federation,JAHR,Year,2003,DINSG,Germany,DG,Germany,VGRPB5,Price base (current prices / price-adjusted),VGRJPM,At current prices (bn EUR),619.51,unit app.,IMP001,Imports of goods and services,
81000,National accounts of the Federation,JAHR,Year,2003,DINSG,Germany,DG,Germany,VGRPB5,Price base (current prices / price-adjusted),VGRJPM,At current prices (bn EUR),438.675,unit app.,VGR012,Gross capital formation,
81000,National accounts of the Federation,JAHR,Year,2020,DINSG,Germany,DG,Germany,VGRPB5,Price base (current prices / price-adjusted),VGRJPM,At current prices (bn EUR),13.332,unit app.,VGR034,Changes in inv.,e
81000,National accounts of the Federation,JAHR,Year,2020,DINSG,Germany,DG,Germany,VGRPB5,Price base (current prices / price-adjusted),VGRJPM,At current prices (bn EUR),53.161,unit app.,VGR028,Final consumption expenditure of NPISHs,
81000,National accounts of the Federation,JAHR,Year,2020,DINSG,Germany,DG,Germany,VGRPB5,Price base (current prices / price-adjusted),VGRJPM,At current prices (bn EUR),183.098,unit app.,VGR022,Balance of exports and imports,
81000,National accounts of the Federation,JAHR,Year,2020,DINSG,Germany,DG,Germany,VGRPB5,Price base (current prices / price-adjusted),VGRJPM,At current prices (bn EUR),3267.622,unit app.,VGR038,Domestic uses,
81000,National accounts of the Federation,JAHR,Year,2020,DINSG,Germany,DG,Germany,VGRPB5,Price base (current prices / price-adjusted),VGRJPM,At current prices (bn EUR),128.204,unit app.,VGR042,GFCF in other products,
81000,National accounts of the Federation,JAHR,Year,2020,DINSG,Germany,DG,Germany,VGRPB5,Price base (current prices / price-adjusted),VGRJPM,At current prices (bn EUR),2230.497,unit app.,VGR094,Individual consumption,
81000,National accounts of the Federation,JAHR,Year,2020,DINSG,Germany,DG,Germany,VGRPB5,Price base (current prices / price-adjusted),VGRJPM,At current prices (bn EUR),2517.814,unit app.,VGR039,Final consumption expenditure,
81000,National accounts of the Federation,JAHR,Year,2020,DINSG,Germany,DG,Germany,VGRPB5,Price base (current prices / price-adjusted),VGRJPM,At current prices (bn EUR),481.728,unit app.,VGR018,Individual consumption expenditure of general gov.,
81000,National accounts of the Federation,JAHR,Year,2020,DINSG,Germany,DG,Germany,VGRPB5,Price base (current prices / price-adjusted),VGRJPM,At current prices (bn EUR),1695.608,unit app.,VGR026,Final consumption expenditure of households,
81000,National accounts of the Federation,JAHR,Year,2020,DINSG,Germany,DG,Germany,VGRPB5,Price base (current prices / price-adjusted),VGRJPM,At current prices (bn EUR),287.317,unit app.,VGR040,Collective consumption expenditure of gen. gov.,
81000,National accounts of the Federation,JAHR,Year,2020,DINSG,Germany,DG,Germany,VGRPB5,Price base (current prices / price-adjusted),VGRJPM,At current prices (bn EUR),385.214,unit app.,VGR009,GFCF in construction,
81000,National accounts of the Federation,JAHR,Year,2020,DINSG,Germany,DG,Germany,VGRPB5,Price base (current prices / price-adjusted),VGRJPM,At current prices (bn EUR),1748.769,unit app.,VGR035,Household final consumption expenditure,
81000,National accounts of the Federation,JAHR,Year,2020,DINSG,Germany,DG,Germany,VGRPB5,Price base (current prices / price-adjusted),VGRJPM,At current prices (bn EUR),736.476,unit app.,VGR041,Gross fixed capital formation (GFCF),
81000,National accounts of the Federation,JAHR,Year,2020,DINSG,Germany,DG,Germany,VGRPB5,Price base (current prices / price-adjusted),VGRJPM,At current prices (bn EUR),1349.915,unit app.,EXP001,Exports of goods and services,
81000,National accounts of the Federation,JAHR,Year,2020,DINSG,Germany,DG,Germany,VGRPB5,Price base (current prices / price-adjusted),VGRJPM,At current prices (bn EUR),3450.72,unit app.,VGR014,Gross domestic product,
81000,National accounts of the Federation,JAHR,Year,2020,DINSG,Germany,DG,Germany,VGRPB5,Price base (current prices / price-adjusted),VGRJPM,At current prices (bn EUR),223.058,unit app.,VGR008,GFCF in machinery and equipment,
81000,National accounts of the Federation,JAHR,Year,2020,DINSG,Germany,DG,Germany,VGRPB5,Price base (current prices / price-adjusted),VGRJPM,At current prices (bn EUR),769.045,unit app.,VGR015,Government final consumption expenditure,
81000,National accounts of the Federation,JAHR,Year,2020,DINSG,Germany,DG,Germany,VGRPB5,Price base (current prices / price-adjusted),VGRJPM,At current prices (bn EUR),1166.817,unit app.,IMP001,Imports of goods and services,
81000,National accounts of the Federation,JAHR,Year,2020,DINSG,Germany,DG,Germany,VGRPB5,Price base (current prices / price-adjusted),VGRJPM,At current prices (bn EUR),749.808,unit app.,VGR012,Gross capital formation,
81000,National accounts of the Federation,JAHR,Year,1998,DINSG,Germany,DG,Germany,VGRPB5,Price base (current prices / price-adjusted),VGRJPM,At current prices (bn EUR),27.502,unit app.,VGR034,Changes in inv.,e
81000,National accounts of the Federation,JAHR,Year,1998,DINSG,Germany,DG,Germany,VGRPB5,Price base (current prices / price-adjusted),VGRJPM,At current prices (bn EUR),30.621,unit app.,VGR028,Final consumption expenditure of NPISHs,
81000,National accounts of the Federation,JAHR,Year,1998,DINSG,Germany,DG,Germany,VGRPB5,Price base (current prices / price-adjusted),VGRJPM,At current prices (bn EUR),23.557,unit app.,VGR022,Balance of exports and imports,
81000,National accounts of the Federation,JAHR,Year,1998,DINSG,Germany,DG,Germany,VGRPB5,Price base (current prices / price-adjusted),VGRJPM,At current prices (bn EUR),1998.753,unit app.,VGR038,Domestic uses,
81000,National accounts of the Federation,JAHR,Year,1998,DINSG,Germany,DG,Germany,VGRPB5,Price base (current prices / price-adjusted),VGRJPM,At current prices (bn EUR),57.673,unit app.,VGR042,GFCF in other products,
81000,National accounts of the Federation,JAHR,Year,1998,DINSG,Germany,DG,Germany,VGRPB5,Price base (current prices / price-adjusted),VGRJPM,At current prices (bn EUR),1352.324,unit app.,VGR094,Individual consumption,
81000,National accounts of the Federation,JAHR,Year,1998,DINSG,Germany,DG,Germany,VGRPB5,Price base (current prices / price-adjusted),VGRJPM,At current prices (bn EUR),1512.169,unit app.,VGR039,Final consumption expenditure,
81000,National accounts of the Federation,JAHR,Year,1998,DINSG,Germany,DG,Germany,VGRPB5,Price base (current prices / price-adjusted),VGRJPM,At current prices (bn EUR),229.861,unit app.,VGR018,Individual consumption expenditure of general gov.,
81000,National accounts of the Federation,JAHR,Year,1998,DINSG,Germany,DG,Germany,VGRPB5,Price base (current prices / price-adjusted),VGRJPM,At current prices (bn EUR),1091.842,unit app.,VGR026,Final consumption expenditure of households,
81000,National accounts of the Federation,JAHR,Year,1998,DINSG,Germany,DG,Germany,VGRPB5,Price base (current prices / price-adjusted),VGRJPM,At current prices (bn EUR),159.845,unit app.,VGR040,Collective consumption expenditure of gen. gov.,
81000,National accounts of the Federation,JAHR,Year,1998,DINSG,Germany,DG,Germany,VGRPB5,Price base (current prices / price-adjusted),VGRJPM,At current prices (bn EUR),246.764,unit app.,VGR009,GFCF in construction,
81000,National accounts of the Federation,JAHR,Year,1998,DINSG,Germany,DG,Germany,VGRPB5,Price base (current prices / price-adjusted),VGRJPM,At current prices (bn EUR),1122.463,unit app.,VGR035,Household final consumption expenditure,
81000,National accounts of the Federation,JAHR,Year,1998,DINSG,Germany,DG,Germany,VGRPB5,Price base (current prices / price-adjusted),VGRJPM,At current prices (bn EUR),459.082,unit app.,VGR041,Gross fixed capital formation (GFCF),
81000,National accounts of the Federation,JAHR,Year,1998,DINSG,Germany,DG,Germany,VGRPB5,Price base (current prices / price-adjusted),VGRJPM,At current prices (bn EUR),518.928,unit app.,EXP001,Exports of goods and services,
81000,National accounts of the Federation,JAHR,Year,1998,DINSG,Germany,DG,Germany,VGRPB5,Price base (current prices / price-adjusted),VGRJPM,At current prices (bn EUR),2022.31,unit app.,VGR014,Gross domestic product,
81000,National accounts of the Federation,JAHR,Year,1998,DINSG,Germany,DG,Germany,VGRPB5,Price base (current prices / price-adjusted),VGRJPM,At current prices (bn EUR),154.645,unit app.,VGR008,GFCF in machinery and equipment,
81000,National accounts of the Federation,JAHR,Year,1998,DINSG,Germany,DG,Germany,VGRPB5,Price base (current prices / price-adjusted),VGRJPM,At current prices (bn EUR),389.706,unit app.,VGR015,Government final consumption expenditure,
81000,National accounts of the Federation,JAHR,Year,1998,DINSG,Germany,DG,Germany,VGRPB5,Price base (current prices / price-adjusted),VGRJPM,At current prices (bn EUR),495.371,unit app.,IMP001,Imports of goods and services,
81000,National accounts of the Federation,JAHR,Year,1998,DINSG,Germany,DG,Germany,VGRPB5,Price base (current prices / price-adjusted),VGRJPM,At current prices (bn EUR),486.584,unit app.,VGR012,Gross capital formation,