"Country Name","Country Code","Indicator Name","Indicator Code","1960","1961","1962","1963","1964","1965","1966","1967","1968","1969","1970","1971","1972","1973","1974","1975","1976","1977","1978","1979","1980","1981","1982","1983","1984","1985","1986","1987","1988","1989","1990","1991","1992","1993","1994","1995","1996","1997","1998","1999","2000","2001","2002","2003","2004","2005","2006","2007","2008","2009","2010","2011","2012","2013","2014","2015","2016","2017","2018","2019","2020","2021","2022","2023","2024","2025",
"Aruba","ABW","GDP (constant LCU)","NY.GDP.MKTP.KN","","","","","","","","","","","","","","","","","","","","","","","","","","","1676310877","1945835371","2308707373","2588749896","2691300679","2905605500","3076523500","3301346400","3572185600","3663174300","3706611800","3967812100","4046850300","4096952000","4409259400","4593654700","4550246800","4600777500","4936345700","4917432700","4972872400","5126511500","5220621700","4610971000","4484932100","4636040100","4587788200","4882850000","4952484257.56912","5131342233.737","5194680206.07025","5376152715.15212","5548860068.45051","5616839832.97258","4274528020.62711","4904192325.82085","5425823356.72405","5843980624.1775","6242001094.48676","",
"Africa Eastern and Southern","AFE","GDP (constant LCU)","NY.GDP.MKTP.KN","","","","","","","","","","","","","","","","","","","","","","","","","","","","","","","","","","","","","","","","","","","","","","","","","","","","","","","","","","","","","","","","","","",
"Afghanistan","AFG","GDP (constant LCU)","NY.GDP.MKTP.KN","","","","","","","","","","","","","","","","","","","","","","","","","","","","","","","","","","","","","","","","","418236762600","378788779600","487122375000","530146376400","537643271700","598019077900","630057371400","717171116900","745319967200","904747846400","1034691726300","1039103183900","1171612605100","1237231635500","1270940547900","1289385894400","1318530066900","1353431600000","1369526989300","1423097453800","1389639000000","1101444000000","1032712000000","1056123000000","","",
"Africa Western and Central","AFW","GDP (constant LCU)","NY.GDP.MKTP.KN","","","","","","","","","","","","","","","","","","","","","","","","","","","","","","","","","","","","","","","","","","","","","","","","","","","","","","","","","","","","","","","","","","",
"Angola","AGO","GDP (constant LCU)","NY.GDP.MKTP.KN","","","","","","","","","","","","","","","","","","","","","3995726703131.87","3819914679500.13","3819914679500.13","3980351150608.05","4219172305822.74","4366843315012.39","4493481847238.62","4676939416025.55","4963583910539.84","4965649826722.93","4794330007349.34","4841859043847.92","4559177720165.56","3465731095612.96","3512149830714.32","4038972306335.19","4586025649811.42","4919625875131.97","5150412729772.53","5262768453927.92","5423526254517.11","5651639690476.96","6423975180462.56","6647999263566.4","7407191697664.37","8455663204014.97","9456967440817.37","10686627500852.2","11839355115351.8","12075619995294.2","12714862952452.7","13171818547088","14291834458233.1","14989713495277.8","15687593118527","15807317332586.6","15538509101784.1","15515295155675.9","15423070499371","15391502520771.6","14769309150941.6","15079871171186.5","15715638929540.9","15914175875422.4","16618204159324","",
"Albania","ALB","GDP (constant LCU)","NY.GDP.MKTP.KN","","","","","","","","","","","","","","","","","","","","","640696987233.377","677509099448.441","697486111082.545","705192901995.687","696366731300.173","708766543435.289","748721437056.735","742822690209.018","732274313436.78","804304834886.43","727287498028.323","523631422600","485997451500","532455948600","576665055700","653490296600","701432494400","619283713800","670746346500","752917658300","809106839400","880823890400","921591907000","970742838800","1021864697500","1074294755500","1138956355300","1212989573200","1296771518800","1331664418200","1371256857800","1405038001400","1418865400200","1443088672100","1475417133500","1508285061100","1567242951500","1618698294900","1678127496200","1712740183100","1655984146200","1804518905900","1891619435700","1967575847300","2047182558300","",
"Andorra","AND","GDP (constant LCU)","NY.GDP.MKTP.KN","","","","","","","","","","","763613110","799117037","864243026","931554311","983896388","989231130","1021913220","1050920999","1066295975","1066739098","1090300459","1088856089","1102428257","1121942541","1141965700","1168475669","1206489943","1273415414","1338287349","1402886938","1455935530","1493003700","1506876900","1491333700","1526874900","1568978500","1641931900","1790816900","1848029800","1923782000","1991660000","2153370000","2251270000","2447000000","2646080000","2788910000","2923020000","2968420000","2803400000","2654740000","2602310000","2602100000","2472660000","2384940000","2444670000","2479730000","2571720000","2580620000","2621620000","2674460000","2375350000","2572190000","2818210000","2891020000","2988500000","",
"Arab World","ARB","GDP (constant LCU)","NY.GDP.MKTP.KN","","","","","","","","","","","","","","","","","","","","","","","","","","","","","","","","","","","","","","","","","","","","","","","","","","","","","","","","","","","","","","","","","","",
"United Arab Emirates","ARE","GDP (constant LCU)","NY.GDP.MKTP.KN","","","","","","","","","","","54279021279.7833","74151861645.8156","103130140442.25","182148613938.731","208556595156.23","221544251459.064","258158551995.239","313506016320.395","308522514277.009","373076448010.291","462147610217.407","483679883872.028","451179903148.132","429767713910.952","447031273593.829","430962839439.127","366498829373.051","378893752746.551","368970875066.688","414494100495.114","490462519271.611","494680898860.188","511227702152.565","517675259643.852","553374914573.286","590384000556.555","624616850468.73","675775460552.002","677748686662.075","697418401488.814","773107157746.012","783923584310.529","803000026165.155","873668371200.663","957247302354.943","1003723010474.71","1102462452612.55","1137569158617.27","1173878503656.09","1112332970463.32","1130162000000","1206295000000","1262789000000","1324899000000","1386280000000","1484535000000","1568529000000","1551881000000","1575736000000","1595769000000","1457042000000","1523378000000","1637852000000","1708299000000","1776491000000","",
"Argentina","ARG","GDP (constant LCU)","NY.GDP.MKTP.KN","182932009390","192861271430","191218051890","181067821330","199410530600","220487093700","219032482640","226023992090","236924000870","259857121160","267771442210","282922301410","287529454900","295614075960","311972780690","311884142660","305589536220","326779566190","312054471110","343955061570","349178995840","331057342230","328621888570","342913961040","348300243340","330226858890","350546962680","360028798200","356104724290","330618488450","322461423550","351912181900","379844477800","411018234600","435006083700","422629248800","445986656500","482160842800","500724897600","483773071300","479956106900","458795611600","408812193300","444939093600","485115195200","528055942500","570549404200","621942502600","647176159700","608872876400","670523679400","710781597200","703485989500","720407105300","702306046000","721487146600","706477848600","726389947800","707377443000","693223803600","624591286200","689809934000","731341633700","717769483200","708130336300","",
"Armenia","ARM","GDP (constant LCU)","NY.GDP.MKTP.KN","","","","","","","","","","","","","","","","","","","","","","","","","","","","","","","2607437730600","2302367555700","1339977854200","1222059819200","1288051083400","1376926587800","1457688850200","1506099858700","1616045148200","1669374638100","1767867741800","1937583045000","2193344006900","2500412167900","2762955445500","3147006252400","3562411077700","4050461395400","4329943231700","3719421236000","3801248503200","3979907182800","4266460500000","4407253696500","4565914829600","4712024104100","4721448152300","5075556763800","5339485715500","5745286629800","5331625992500","5640860300100","6351608697900","6878792219800","7284640960800","",
"American Samoa","ASM","GDP (constant LCU)","NY.GDP.MKTP.KN","","","","","","","","","","","","","","","","","","","","","","","","","","","","","","","","","","","","","","","","","","","725000000","732000000","735000000","732000000","702000000","715000000","696000000","667000000","669000000","669000000","640000000","624000000","635000000","655000000","644000000","599000000","615000000","612000000","639000000","634000000","645000000","","","",
"Antigua and Barbuda","ATG","GDP (constant LCU)","NY.GDP.MKTP.KN","","","","","","","","","","","","","","","","","","1058740000","1105150000","1194440000","1291930000","1341210000","1340090000","1411970000","1555500000","1674400000","1866850000","1990550000","2094320000","2204320000","2270710000","2320140000","2347020000","2470940000","2635910000","2520990000","2687500000","2834540000","2968650000","3078720000","3269710000","3121000000","3153060000","3344660000","3537550000","3766560000","4245220000","4640670000","4640020000","4084940000","3764660000","3690920000","3815420000","3792490000","3875860000","3930960000","4092930000","4203960000","4486130000","4628440000","3755110000","4062010000","4431970000","4539550000","4705533546","",
"Australia","AUS","GDP (constant LCU)","NY.GDP.MKTP.KN","328717000000","336872000000","341241000000","362447000000","387737000000","410914000000","420698000000","447231000000","470018000000","503143000000","539242000000","560817000000","582728000000","597987000000","622544000000","630878000000","647204000000","670454000000","676457000000","703864000000","725223000000","749463000000","774410000000","757173000000","791734000000","833551000000","866641000000","888799000000","940006000000","976469000000","1011358000000","1007468000000","1011831000000","1052768000000","1094656000000","1137240000000","1181202000000","1227481000000","1284888000000","1349495000000","1402342000000","1430830000000","1487345000000","1533323000000","1598013000000","1648438000000","1694115000000","1758313000000","1822034000000","1857652000000","1898707000000","1944176000000","2021019000000","2074666000000","2128632000000","2174703000000","2234630000000","2285877000000","2351577000000","2403171000000","2399962000000","2448128000000","2552248000000","2643716000000","2680025000000","",
"Austria","AUT","GDP (constant LCU)","NY.GDP.MKTP.KN","82328533464.2073","86887870619.3171","89189248024.5854","92880137761.8332","98568445950.3645","101998800283.387","107754451224.193","110995756621.225","115959834032.585","123237319182.465","132015360000","138767904000","147382422000","154590065000","160684219000","160099753000","167429832000","175935236000","175564622000","184969092000","188171805000","187900283000","191679436000","197378234000","197479440000","202413817000","207072154000","209882471000","216799945000","225227121000","235014685000","243103015000","248192436000","249499938000","255493222000","262309740000","268121913000","273875367000","283441505000","294104360000","303484886000","307481744000","312045907000","315608114000","323704268000","331215389000","342043933000","354956860000","360115468000","347200774000","353481575000","363829635000","366115381000","365197433000","367957591000","372754004000","380646025000","389295254000","398966209000","405967971000","380317879000","399041277000","420314023000","417009328000","414260863000","",
"Azerbaijan","AZE","GDP (constant LCU)","NY.GDP.MKTP.KN","","","","","","","","","","","","","","","","","","","","","","","","","","","","","","","11475838691","11395507800","8820123000","6782674700","5446487700","4803802200","4866251600","5148494200","5663343600","6082431100","6757580900","7426581400","8127570200","8957256900","9786143700","12522500000","16838531100","21126162600","23363726900","25552791900","26776472300","26355279100","26935869800","28509844700","29307431900","29615027000","28707741500","28751840800","29183233900","29906922300","28651142400","30260316700","31686993900","32116187100","33423766200","",
"Burundi","BDI","GDP (constant LCU)","NY.GDP.MKTP.KN","443030508800","382130936730","416764067040","433998959200","461223878400","479521670220","501641970800","570976509110","569275663310","560966850790","680596794310","699291622470","654509232250","699598705220","694513745050","699360897020","754908762070","841492668060","833577790080","847456484760","855855250770","959955283400","949841196260","985130902600","986663214660","1102923519000","1138770523700","1201438160200","1261882806800","1278911943500","1323671586800","1389813291100","1403850382700","1316250118800","1265837739300","1165583390300","1072336719100","1055286565300","1105412677100","1094248009100","1084871791200","1107174662600","1156405398900","1142254142700","1197466798800","1208244000000","1273656000000","1317527000000","1382201000000","1434546000000","1507618000000","1568291000000","1637657000000","1718294000000","1791234000000","1783988000000","1841078732734.84","1911626247511.14","2013750000000","2103550000000","2109996198754.35","2178298353947.96","2228784801521.3","2301326597744.26","2395963447616.17","",
"Belgium","BEL","GDP (constant LCU)","NY.GDP.MKTP.KN","105720890684.803","110984123889.267","116768620321.092","121849905248.908","130326619005.071","134967106588.632","139226526732.455","144612013375.532","150677228669.748","160666827267.651","170873464000","177684185000","187093637000","199033395000","208119784000","204028270000","215561470000","216911218000","223075611000","228297974000","238443659000","237777725000","239192471000","239938376000","245856174000","249917209000","254472605000","260342422000","272638938000","282097238000","290947763000","296281052000","300816092000","297922623000","307536501000","314870500000","319031300000","331134300000","337630600000","349591900000","362585200000","366572200000","372829200000","376699000000","390151700000","399210000000","409399200000","424452500000","426349400000","418221300000","429556400000","437851800000","438796700000","440137200000","447908000000","454510900000","459935500000","466717100000","475481900000","487097400000","463750900000","492756000000","512250600000","521031200000","526608600000","",
"Benin","BEN","GDP (constant LCU)","NY.GDP.MKTP.KN","976161831950","1006825812800","972327834270","1018319212800","1086045170800","1143538912400","1184430294200","1197203174700","1243203738900","1278976901300","1305806736200","1286260874800","1368920726200","1419655191400","1467061909800","1395244161400","1407583091500","1477732299500","1496278992900","1594072008500","1702178208000","1871616961700","1913448842500","1830255478700","1975391801800","2124145221300","2170263421800","2137709406400","2210503655400","2147412333300","2340166949600","2439057711000","2511197985000","2657755820800","2711453131300","2875365859400","2999704846100","3171728571200","3297361124900","3473488000000","3676955000000","3873052000000","4052879000000","4192443000000","4378155000000","4453160000000","4628781000000","4905876000000","5146096000000","5265449000000","5376764000000","5536118000000","5802473000000","6219754000000","6615186000000","6732814000000","6957668000000","7352276451000","7844677051900","8383267995300","8705922576800","9328870657100","9912200000000","10541900000000","11327600000000","",
"Burkina Faso","BFA","GDP (constant LCU)","NY.GDP.MKTP.KN","689815632100","717711279440","761698359580","752039899670","769207611070","798164780660","802455818950","873259023390","900074833890","918311079450","919385683500","932379728030","953931673710","958217950140","1037619976100","1068731796000","1159946932200","1164242837000","1217889109500","1262520135800","1272580892100","1326733070000","1453597894800","1458627121700","1432682569400","1554709373000","1678392143000","1674425484900","1771468370500","1809559675100","1798649324500","1961786538700","1966351827100","2034414833100","2061167536100","2178991578400","2419001919700","2571806273200","2759746665200","2963836493800","3019807772100","3219519912800","3359664450100","3621802063500","3784002735400","4111768255300","4368883895900","4548505271700","4812318201800","4954856702100","5373357850900","5729211839000","6098899108900","6452183014400","6731359012200","6995311000000","7412090000000","7871898218300","8391803173100","8886013662700","9064691192800","9694009638300","9851705251600","10147283418400","10634333693600","",
"Bangladesh","BGD","GDP (constant LCU)","NY.GDP.MKTP.KN","2210118183805","2344010697813","2471830327102","2460561393783","2730061480290","2773913317472","2845114457410","2791743981830","3056665243216","3093982782592","3267860044939","3088798208423","2657177926624","2745547166777","3008898851221","2885888624377","3049269203267","3130777878187","3352244025058","3513206534060","3541984679722","3798209857135","3879276107377","4029832613081","4223397966583","4364544545530","4546693686373","4718213243226","4832217394180","4969287209222","5248673364916","5431601589000","5727226583800","5997068399400","6230361942900","6549436092000","6845661795600","7153024924800","7523338947400","7874690640400","8291521224200","8712505617700","9046466756300","9475230145500","9971687947300","10623431981000","11332217269000","12132113084000","12861712858000","13510602323000","14263384467000","15185423715000","16175734863000","17148479770000","18187859308000","19379644230000","20758211000000","22126229000000","23745739000000","25617358000000","26500649000000","28339444000000","30351496000000","32104329000000","33460178000000","",
"Bulgaria","BGR","GDP (constant LCU)","NY.GDP.MKTP.KN","","","","","","","","","","","","","","","","","","","","","66455212221.6563","69711625184.9142","71339088799.9068","73786237781.9116","76292345748.9119","78339605636.7792","81635824452.9003","86578476741.7734","96054224415.127","92894153710.2974","84424643416.7133","77294682400","71673513200","70612591200","71896336100","73979273000","77830185000","66844158000","69376964000","63552011000","66467285000","69008797000","73060946000","76887260000","81892948000","87671600000","93635539000","99866411000","105987781000","102440220000","104033534000","106208017000","107003319000","106422557000","107432985000","111083078000","114445150000","117587730000","120327703000","124892115000","120978954000","130449395000","135776771000","138059872000","142736085000","",
"Bahrain","BHR","GDP (constant LCU)","NY.GDP.MKTP.KN","","","","","","","","","","","1445956671.27196","1469195260.60749","1631865385.95618","1859087148.92716","2016593143.89157","1838430625.30503","2398716210.82153","2710972682.45719","2815677729.10695","2913361136.31442","2988533989.65111","2829642682.13492","2615828720.59662","2782623816.25516","2921856462.78466","2782826685.98879","2815747356.37643","3108557186.74695","3326155930.23772","3338263375.25018","3486415409.58545","3877939800","4137373900","4669854200","4658179500","4841245600","5040221100","5196115100","5445009200","5679144500","5980143100","6129105400","6334341600","6733179700","7203220400","7690806200","8188170600","8867294300","9421057800","9660341900","10079050000","10273390000","10664090000","11228500000","11712320000","12006050000","12464080000","13081530000","13350040000","13624100000","12818730000","13376350000","14203030000","14753840000","15138000000","",
"Bahamas, The","BHS","GDP (constant LCU)","NY.GDP.MKTP.KN","2260815176","2501978533","2763484626","3054315274","3375066245","3726937032","4065042103","4455209473","4830416681","5264268408","4966855694","5047642036","4871109037","5239733566","4361856601","3716165459","3908855512","4266708467","4871707254","6145137222","6544281209","5940479315","6338425950","6566422419","7496959900","7859001596","8000227873","8238996221","8429292948","8996359285","8852754982","8482551800","8158044800","8183155800","8440836500","8810439800","9182551400","9300800000","9739500000","10435300000","10868200000","11153600000","11455300000","11310400000","11410200000","11797700000","12094600000","12269500000","11984400000","11484000000","11660700000","11732200000","12262500000","11911400000","12131400000","12252400000","12110700000","12519000000","12819200000","12711700000","10158000000","11944400000","13243700000","13647400000","14108500000","",
"Bosnia and Herzegovina","BIH","GDP (constant LCU)","NY.GDP.MKTP.KN","","","","","","","","","","","","","","","","","","","","","","","","","","","","","","","7084316617.32108","6422072928.91001","6008690021.38193","5877619552.3023","6531914132.25582","7574949839.2438","11680519640.1238","15960393847.0787","18612432660.0626","20384628499.0733","21488316691.2214","22009045900","23115538500","24009447700","25528109600","26522986800","27958942100","29597089200","31207717600","30270095600","30532133900","30825093300","30571761200","31290154400","31651195200","33007173600","34077351400","35182854400","36530007300","37584209400","36451010400","39145338800","40799939200","41613650800","42850207700","",
"Belarus","BLR","GDP (constant LCU)","NY.GDP.MKTP.KN","","","","","","","","","","","","","","","","","","","","","","","","","","","","","","","99568355934.7577","98373539900","88929679000","82171021600","72557008900","65011079700","66831392900","74450175300","80703983600","83447918400","88287900400","92459773900","97124616900","103965290600","115869049400","126760741800","139436809300","151428384100","166874078500","167207818700","180166453200","190165645800","193413394600","195345051500","198570441900","190966046700","186141391800","190854833400","196865229200","199712797100","198369243400","203207195700","193741000000","201735800000","209825100000","",
"Belize","BLZ","GDP (constant LCU)","NY.GDP.MKTP.KN","284818357","298752460","313369379","328901326","345345997","362373423","379661698","398314945","427659705","449497612","471108079","489761326","539806626","568696505","645811667","669014546","668786941","712235316","768650102","826429695","926500000","937000000","936000000","915900000","934000000","943400000","986300000","1092100000","1199000000","1355000000","1508696872.18284","1686401800","1901185700","2017878300","2017475000","2032234000","2054696400","2141704900","2225081900","2434755700","2732784700","2869248000","3024160800","3316452800","3475001300","3552118200","3712370400","3836341200","3773905600","3757047200","3810300000","3805343900","3955422600","4116268500","4276484400","4394526500","4393702900","4313155900","4348613000","4533715500","3920625700","4625943300","5053866800","5079142600","5257149500","",
"Bermuda","BMU","GDP (constant LCU)","NY.GDP.MKTP.KN","1588221165","1662549915","1736865897","1755450362","1950480897","2043323788","2336819386","2647033089","2702760101","2795638455","2972107327","3074273517","3130000529","3176439706","3204303212","3325045073","3622255805","3835876019","3891603032","3975193550","4290979954","4393146143","4160950258","4244540777","4264974015","4179525929","4458160991","4625342028","4812956303","4834318325","4835247108","4664351000","4661564600","4801810900","4830603200","5043108600","5174253400","5412269100","5623347600","5813565600","6355224600","6814226600","6713526600","6942505300","7103659400","7222589300","7623000000","7878000000","7731000000","7296000000","7113390000","6847154000","6483892000","6465756000","6226454000","6274742000","6233504000","6458622000","6430669000","6450418000","6010011000","6286918000","6694073000","7023235000","7442700000","",
"Bolivia","BOL","GDP (constant LCU)","NY.GDP.MKTP.KN","41850967548.9723","42725358115.8146","45108970751.3853","48175309771.3366","50081412406.4735","52542133535.4398","56309714331.4865","59866922595.391","64973237686.8881","67880203578.7166","71431036919.6926","75047830640.5313","81027255447.0231","85677540516.9899","88196089916.9521","94644121689.182","99011538556.0483","103933615662.986","106067055344.293","106208489449.275","104751550162.329","105040262585.313","100903001926.35","96824380089.5079","96630086772.3941","95010189870.7067","92564737604.6966","94845055678.8531","97604570639.3147","101303911691.479","106000145693.88","111582671634.805","113419878296.005","118262108755.566","123781714887.193","129572565886.25","135223668561.107","141922931371.563","149060739069.545","149697057635.436","153451176627.565","156034986200.326","159913338356.362","164249132403.906","171103734201.755","178668971387.08","187239737709.483","195786078842.585","207823981739.027","214800631921.311","223664858124.54","235304584104.038","247357533356.379","264167979591.566","278593055730.687","292124841917.212","304580814000.124","317358607600","326460719200","331379571500","289229849600","318236852600","330162517100","338470614100","334668384300","",
"Brazil","BRA","GDP (constant LCU)","NY.GDP.MKTP.KN","429992444364.633","466971794579.992","497791933022.271","500778684620.405","517805159897.498","530232483735.038","565758060145.286","589519898671.388","647292848741.184","708785669371.596","782499378986.242","871257673141.854","975288872304.538","1111524261424.92","1202157268165.65","1264268515650.33","1393946174968.11","1462728052357.32","1535424140031.4","1639212057905.15","1790019567232.42","1713943735625.05","1728169468630.73","1677534103199.85","1768120944772.64","1906918438937.3","2049746630013.7","2122102686053.18","2120829424441.55","2187847634253.91","2092676262163.86","2114276648599.51","2102773460273.02","2206328534691.26","2335462083639.27","2434107182444.27","2487873300948.28","2572332767825.27","2581029770944.52","2593107378849.95","2706891619653.41","2744514608947.55","2828317315687.06","2860583579801.68","3025352182406.08","3122227954632.24","3245930273663.85","3442954041279.44","3618344849331.16","3613792537201.08","3885847000000","4040287000000","4117908023572.9","4241643857406.86","4263019865108.21","4111863267274.73","3977162043337.27","4029774689232.36","4101652440922.3","4151724504286.11","4015682506400.87","4206933577325.81","4333843905032.94","4474332186893.53","4627323705936.19","",
"Barbados","BRB","GDP (constant LCU)","NY.GDP.MKTP.KN","4604024276.1366","4958374376.57794","5407640709.79303","5133017944.0573","5389919114.63804","6006247929.77022","6246700332.13924","6911107884.15692","7389482423.73963","7945053624.5803","8700580791.62241","9041010368.6086","9156174819.46614","9278931694.0983","8847383312.19145","8679283029.01678","9057718083.25016","9387618812.81932","9845447285.08512","10622549241.0587","11087080204.0828","10876453223.7334","10343404942.6953","10395251584.0121","10769519526.0175","10887794676.5214","11443525863.1355","11740023843.1658","12151556558.6177","12589012594.7279","12172619256.6526","11697898436.815","11031993115.4907","11119484350.4789","11343073001.5012","11571522284.2663","12031661134.5769","12601974304.3899","13071834418.186","13115580103.8707","13698854821.9496","13374813251.2919","13480126802.67","13773384372.2904","13967809232.8563","14520299949.8977","15401761469.1649","15721992408.1862","15821585034.1899","15027772543.1468","14694500000","14648900000","14148800000","13898200000","14002800000","13838900000","14046000000","14145500000","13965000000","13996800000","11986200000","11974600000","14037400000","14446500000","14805100000","",
"Brunei Darussalam","BRN","GDP (constant LCU)","NY.GDP.MKTP.KN","","","","","","","","","","","","","","","14256605722.6525","14164609046.472","17121349344.9933","18822190155.0475","20143344952.9591","25045910543.6175","22614463526.6589","17552255668.0308","17956226093.226","18027939194.7069","17599488332.0338","17087828249.5677","16163851728.5096","16500632727.6411","16247205584.2739","15804271922.0368","16221990455.5341","16694156800","16173195800","16070714400","16230254000","16448923200","16444430100","17487655700","16323474600","17018972500","17610326700","17868504800","18576354700","19242025200","19262140500","19261384400","20050795400","19296159000","18543471600","18191098600","18689782900","19389604300","19566657600","19150908600","18670625400","18597364900","18136537500","18377522500","18387147000","19098517100","19315012800","19007756800","18698247500","18909097200","19675391596.1747","",
"Bhutan","BTN","GDP (constant LCU)","NY.GDP.MKTP.KN","","","","","","","","","","","8797923904.63546","9033453168.32468","9138535453.51167","9272605960.06222","9750911541.522","9428417625.83383","10272699451.5004","11084369529.7703","11874298449.8269","12443192211.3339","13066438879.4586","15042384292.2614","15559808293.8562","17182854377.2353","17965818456.3885","18689577381.4658","20818730967.0942","26867472483.2231","28148345117.4416","30218815591.782","33356470846.4835","33220417900","34748853200","35439092800","37193860800","39824998200","42041328200","44300561300","46920510200","50666630500","52366530600","56204146000","62073983200","66907411400","70357998800","75237376300","79481370100","92281672800","96461523900","103857703900","116249874100","126118626400","132632426600","134935377000","142871041900","152387398100","165303667700","168753299400","174662823700","184714928600","165840023100","173172419800","182201400900","190641255928.314","","",
"Botswana","BWA","GDP (constant LCU)","NY.GDP.MKTP.KN","2304345193","2450516346","2613884131","2768653389","2957816120","3129782220","3328336202","3525525475","3898069744","4487590608","5255878132","6613004059","8356320284","10136482578","11028269557","11959744816","13233143900","14822714451","16947224703","19006073366","21284312637","23213705240","26037775946","29460891800","31978438028","34256988485","37056786232","41459846942","49523774531","55991285257","59783475315","64242550900","66116551200","67383415100","69828028900","74737225800","79094256600","85679558100","86059687100","94379284200","96255257300","96496447900","102353329600","107088086900","109985699600","114997358200","124615589000","131834016500","136121354900","116868031100","128694752500","137495428000","137260507300","152500413600","161188582100","153368800000","164418139800","171182924500","178353250600","183760517000","167720277500","187706282700","198003881400","204355980800","198246005100","",
"Central African Republic","CAF","GDP (constant LCU)","NY.GDP.MKTP.KN","376780000000","395444000000","380758000000","378066000000","385931000000","389588000000","392100000000","410437000000","416200000000","445715000000","456113000000","461268000000","461264000000","469977000000","499769000000","501793000000","529053000000","549190000000","555831000000","542129000000","517849000000","509851000000","549190000000","504560000000","552401000000","574095000000","594636000000","565267000000","574934000000","586302000000","573711000000","570541000000","533889000000","535679000000","561927000000","602386000000","578290000000","608939000000","637560000000","660512000000","644069000000","672825000000","697158000000","659529000000","699067000000","705416000000","739072000000","773125000000","789006000000","856760000000","896435000000","934037000000","981241000000","624148000000","624654000000","651746000000","682706000000","713614000000","740656000000","763616336000","770488883000","778062172300","781593811100","787064720800","798870691600","",
"Canada","CAN","GDP (constant LCU)","NY.GDP.MKTP.KN","380927013462.136","392976846000","422166527000","444530545000","474118498000","504069512000","538143049000","554639398000","582417259000","611928530000","629788968000","655099211000","691258526000","737770833000","762543525000","774327898000","819930204000","848913315000","880628516000","913433685000","933320956000","965194475000","934634968000","958582686000","1015125351000","1063218750000","1085774732000","1129987650000","1179829586000","1207406094000","1209856499000","1184557733000","1195105819000","1226868229000","1282004292000","1316391855000","1338625203000","1395920595000","1450262200000","1524820231000","1603173716000","1633234796000","1682219678000","1712607044000","1765567085000","1822249811000","1870319736000","1908659507000","1927658424000","1871465519000","1929308894000","1989835065000","2024769829000","2071862200000","2131396472000","2145249931000","2167529444000","2233288709000","2294547002000","2338336870000","2220526000000","2352659022000","2451212762000","2488685567000","2527379531000","",
"Central Europe and the Baltics","CEB","GDP (constant LCU)","NY.GDP.MKTP.KN","","","","","","","","","","","","","","","","","","","","","","","","","","","","","","","","","","","","","","","","","","","","","","","","","","","","","","","","","","","","","","","","","","",
"Switzerland","CHE","GDP (constant LCU)","NY.GDP.MKTP.KN","202589090943.299","219016376262.946","229507132159.144","240705242059.755","253357553943.184","258689602798.358","265057137316.206","273157077131.832","282958024090.377","298896800931.081","317958665000","330916888000","341507912000","351923587000","357043751000","331039632000","326392908000","334336176000","335703891000","344067994000","359901925000","365665164000","360877080000","363183371000","374109585000","387852859000","395061620000","401325235000","414479056000","432429291000","448319448000","444213664000","444019396000","443460005000","449090873000","451250400000","453377053000","463629383000","477677211000","485619555000","504843873000","512798506000","512423049000","512257032000","526096727000","540562804000","562583324000","584616201000","601032128000","587224169000","606270181000","617262516000","624541608000","635734293000","650673295000","661374447000","675056232000","684255896000","703828665000","711866263000","696619959000","735349383000","757733867000","762911676000","772847329000","",
"Channel Islands","CHI","GDP (constant LCU)","NY.GDP.MKTP.KN","","","","","","","","","","","","","","","","","","","","","","","","","","","","","","","","","","","","","","","","","","","","","","","","","","9153713800","8823573000","8922842000","8409451900","8450988800","8656102900","8688508500","8793902200","8952762400","9053234200","9195673800","8377555000","9210016000","9702011500","10062441800","","",
"Chile","CHL","GDP (constant LCU)","NY.GDP.MKTP.KN","19142337890377.2","20198920421464.8","20992896513359.4","22186693660415.2","22732737983101.3","22885237972526.9","25508669344739","26423948647030.5","27368265795725.7","28491234940568.7","28974011104258.4","31747135129974.8","31520979359233.3","29933029293481.3","30307066444604.3","26587249193532.4","27545638394697","30616755190287","33074308523654.3","35864398238197.7","38795338481655.6","41401857206135.4","36639789898952.7","34831532102530.7","36219119395234.6","37505766888370.4","39533165266118.6","42197243020884.6","45299082474379.7","49991323095468.9","51790372361164.5","55807338202700","62226259979600","66386449110000","69756758845700","76213045141100","81635498606800","87669781814300","91335155998100","91085234333700","95613647416500","98629335248700","101788234745100","106595942726700","113710426877300","120347756481600","127628784707600","134224935105000","139311245140200","137753693545000","145814558961500","154889906608900","164423907015100","169863885538900","172908949585100","176629850757200","179726240483400","182166375335300","189434867410000","190636580706600","178924870426100","199170077247900","203460187889100","204520964155200","209929135629900","",
"China","CHN","GDP (constant LCU)","NY.GDP.MKTP.KN","1116839236334.34","812277176542.54","766952110171.096","845948177491.1","999741556106.705","1169197749905.48","1293717310251.91","1219069821397.96","1169087958885.49","1367131459074.64","1630987830630.96","1746135571449.64","1812663336725.71","1953326011670.91","1998447842598.08","2172712494422.27","2138600908223.92","2300492997006.07","2561046327459.91","2755463669382.61","2971330689103.53","3123247728448.76","3406191615521.68","3771586416333.19","4346095617699.47","4930014180360.32","5370514148683.43","5995009486807.76","6667805120675.9","6948275298223.23","7222150643436.94","7898266873900","9027688304300","10285162051100","11629711373000","12912795583100","14201001885800","15519940744400","16749242981600","18045132423300","19594565451400","21223390915700","23185152402500","25531070838400","28117727629200","31339523909100","35311706763000","40308308147900","44206220658300","48362798847800","53487452549000","58548080092100","63147719296200","68059806152200","73138361019600","78242526350200","83543892248100","89301124392200","95334949539700","101120353193400","103486760000000","112355663432000","115877102132300","122151665634500","128231589615900","",
"Cote d'Ivoire","CIV","GDP (constant LCU)","NY.GDP.MKTP.KN","3247375624200","3569922999200","3613725757700","4137367480000","4866085648100","4714767207800","5260612765900","5502503725700","6192971574600","6783732681500","7487547107400","8195617307100","8542834879800","9050210718500","9441847804700","10221072775000","11541267157000","12385448429000","13736633185000","14065544155000","12524284408000","12962696847000","12988728839000","12482137184000","12144962026000","12691633872000","13105298484000","13059564542000","13207984399000","13597356432000","13448341859000","13453845616000","13420942809000","13395109494000","13503771517000","14466015804000","15584141530000","17087830419000","17816439436000","18024332338000","17976425562000","17589211110000","17108933044000","16300387694000","16819561273000","16987095131000","17465380145000","17657749041000","18502260197000","19168956129000","20481655714000","19381699200000","20858664486000","23103101241000","25268323876000","27086367000000","29029207000000","31180492564900","32690609361700","34887866720000","35131987099100","37613474968000","40020693594100","42662059552300","45230116996400","",
"Cameroon","CMR","GDP (constant LCU)","NY.GDP.MKTP.KN","2872861466000","2906866975900","2995281051500","3107380952100","3217604716800","3282795116700","3434294654400","3059542169200","3253710623700","3413190583700","3518728765500","3641170245400","3738529431800","3938753134000","4361549225100","4852007999000","4585383444400","5215409238500","6362955990000","6746967941500","6614370342700","7744282211100","8326358152400","8898115059000","9563211124100","10334308298000","11034112838000","10797249031000","9952512003400","9771463816100","9174847779900","8825414584900","8551826449400","7873489882100","8021260266600","8253395649200","8601282230600","8990689265100","9415547419400","9840311407600","10217433253000","10659261754000","11136479763000","11743769120000","12571571295000","12851699873000","13341296082000","13918652545000","14315010936000","14684231110000","15109930600000","15620527080000","16343129339000","17159555131000","18141050479000","19169095281000","20038566000000","20748167000000","21568863700000","22318394651000","22376407505000","23123523858900","23987600000000","24790600000000","25664400000000","",
"Congo, Dem. Rep.","COD","GDP (constant LCU)","NY.GDP.MKTP.KN","5749149669287.26","5125287817061.91","6211884583920.79","6535771633283.56","6376284193766.83","6439877987245.24","6876210973719.87","6808429503706.43","7103418224237.35","7766084562957.13","7747053262108.84","8212265210187.68","8224676859406.82","8893941506304.05","9172373983207.94","8715440156942.61","8252737257644.71","8315523554653.67","7871034578614.31","7904886974442.19","8078392360246.3","8268276917535.62","8230434865437.12","8346624217992.58","8809116844247.22","8850330381172.98","9267819020272.22","9515792720285.44","9560553233285.35","9439511788307.55","8819495325994.11","8076801082628.45","7228736277202.9","6255094134758.45","6011145663470.49","6053223612772.02","5991288684807.1","5654755207518.79","5562913272092.9","5325369041060.72","4957336657296.5","4853224010067.05","4996285657717.81","5274969593877.49","5630416769977.82","5975851349500","6281154268300","6816932314400","7321502787000","7362904535000","7940377713600","8543315781300","9283901106800","10177429128300","10920613246500","11615135589100","11660879802600","12155442258000","12893482872800","12965091251700","13065626198500","13905695014500","15200477839200","16497609070000","17508377244000","",
"Congo, Rep.","COG","GDP (constant LCU)","NY.GDP.MKTP.KN","558725865910","605383536110","636877457010","611215751100","634544611080","657873438980","666813823640","680925418260","732889058370","788211373590","838329558790","903325550050","981170088620","1061932052500","1145670925500","1234249582500","1245558847900","1134038633500","1206160621600","1324523874100","1558124924300","1832662211700","2265128341700","2397728113100","2564996768600","2534584606000","2360673413200","2365143977200","2406918650300","2469495563100","2494190606800","2553935636800","2620643109000","2594969108500","2452425489800","2550162600700","2659576856800","2642959497400","2741741503300","2670944271800","2873294486200","2982554436900","3119211205700","3144578629900","3253904044900","3506269000000","3786288000000","3535863108400","3758847929300","4196275920700","4613019220600","4714778704800","5183764962900","5146834035400","5488895991900","5511685507200","5032982203300","4751398237700","4641910922300","4694108000000","4399892000000","4444554000000","4510127000000","4596129000000","4714693935200","",
"Colombia","COL","GDP (constant LCU)","NY.GDP.MKTP.KN","83918676372000","88189479903000","92962197206000","96017592764000","101938941370000","105608754870000","111139206410000","115734661630000","122601335670000","130083103400000","138158398340000","146393644600000","157620789200000","168217563880000","177882936650000","182015611370000","190621980630000","198549006090000","215365910020000","226950698580000","236226976300000","241605563940000","243897001330000","247735832910000","256036677180000","263992008640000","279367104220000","294366134490000","306329684170000","316788074000000","330352934040000","336965303460000","350595312220000","369476307010000","390960105090000","411299560570000","419755281970000","434154120870000","436627861970000","418271960100000","430505835550000","437729285680000","448689941490000","466270833400000","491137159840000","514853000000000","549435000000000","586457000000000","605713000000000","612616000000000","640151000000000","684628000000000","711415000000000","747939000000000","781589000000000","804692000000000","821489000000000","832656000000000","854008000000000","881224000000000","817900000000000","906243000000000","972655000000000","979584000000000","995241000000000","",
"Comoros","COM","GDP (constant LCU)","NY.GDP.MKTP.KN","","","","","","","","","","","","","","","","","","","","","151044000000","159294000000","165758000000","170885000000","178005000000","182952000000","186741000000","190621000000","200096000000","198261000000","212811000000","199687000000","214380000000","219841000000","211077000000","222976000000","221838000000","231622000000","231680000000","237930000000","235534000000","248299000000","259715000000","264739000000","272947000000","288410000000","283350000000","285627000000","296951000000","306574000000","318156000000","331339000000","341837000000","357104000000","364627000000","368811000000","381057000000","395597000000","410007000000","417226000000","416410000000","424739000000","435795000000","448848000000","463831000000","",
"Cabo Verde","CPV","GDP (constant LCU)","NY.GDP.MKTP.KN","","","","","","","","","","","","","","","","","","","","","18692659556","20272481344","20845185041","22829802944","23693516186","25741130377","26480275461","27621327407","29277738337","30945969043","31160168337","31597702900","35053748100","38106337700","45416139900","51870516500","57756017500","64177577600","72210868400","80314840300","91787709900","93836094500","98763325700","102887938300","113379496100","121216806100","130894453400","150752042500","161363495800","158937255700","161856009900","168208402200","170031190000","171106019600","172298058500","173910814000","181355440000","189609497000","196638253900","210300338300","166546772700","178260890100","206503967400","216405339900","232081494700","",
"Costa Rica","CRI","GDP (constant LCU)","NY.GDP.MKTP.KN","2686190817900","2736671772200","2885612160700","3084688334500","3197558571000","3459455488100","3700555977800","3909642050300","4240917920100","4473820648000","4809497421500","5135509465200","5555493747100","5983762083000","6315555706200","6448186863200","6803969726200","7409827470800","7874252250900","8263171330100","8325301735500","8137012090300","7544184472400","7760173923300","8382858652700","8443349505700","8910794513900","9335352284000","9655755332800","10202848069000","10565361726000","10804736368300","11798891369600","12636281254300","13207318389900","13755944194100","13941712648100","14705183944800","15757385233100","16421529266200","17056831939500","17652314921100","18255472702000","19043594294000","19886197090300","20677004801900","22191945968300","24015043619300","25152918382900","24933218722500","26269724898200","27426422717300","28765543151300","29483176173800","30527502669300","31642391784300","32972740219500","34343647497600","35242044485100","36094025075300","34551599494900","37293532283500","38990944339700","40984130936000","42755147159700","",
"Caribbean small states","CSS","GDP (constant LCU)","NY.GDP.MKTP.KN","","","","","","","","","","","","","","","","","","","","","","","","","","","","","","","","","","","","","","","","","","","","","","","","","","","","","","","","","","","","","","","","","","",
"Cuba","CUB","GDP (constant LCU)","NY.GDP.MKTP.KN","","","","","","","","","","","14461580477","15702942156","16460873842","17026220667","17193842416","18823204181","19844920261","21573314159","22996289651","23246531435","22119204155","26474107021","28835130090","30395534713","32805814449","33329616555","33361380808","32559982880","33766506040","33996146386","32993747931","29465826400","26053506000","22177218300","22336213500","22885059200","24678961700","25365882100","25406250900","26978581600","28574300000","29484400000","29904500000","31038700000","32829800000","36507281400","40912200000","43883300000","45689900000","46353000000","47461000000","48791000000","50262000000","51643000000","52184000000","54500100000","54779600000","55770996700","57024700000","56931700000","50698000000","51334000000","52245000000","51237000000","50693000000","",
"Curacao","CUW","GDP (constant LCU)","NY.GDP.MKTP.KN","","","","","","","","","","","","","","","","","","","","","","","","","","","","","","","","","","","","","","","","","4882848600","4848876000","4868129200","4882158500","4892335900","4925428900","5006005700","5129652200","5241891200","5214040600","5218332100","5244865104.71618","5226563129.20013","5193338042.58777","5160235791.84415","5183877502.22096","5128528842.99323","5063078080.15726","4956545275.56564","4797631905.31787","3913021968.92782","4076731535.88634","4358270615.75465","4541405147.02865","4769697042.36464","",
"Cayman Islands","CYM","GDP (constant LCU)","NY.GDP.MKTP.KN","","","","","","","","","","","","","","","","","","","","","","","","","","","","","","","","","","","","","","","","","","","","","","","3861222634.22572","3983338639.62807","3969102132.64175","3683307616.96575","3583282358.99876","3625173176.32377","3669753876.97754","3716702161.00682","3815363109.66408","3923457017.58403","4050575989.72944","4179548245.45926","4357900672.96675","4528540217.00199","4304159774.75","4513747243.31234","4774446256.93175","5052108563.20138","","",
"Cyprus","CYP","GDP (constant LCU)","NY.GDP.MKTP.KN","","","","","","","","","","","","","","","","2871244309.07648","3453139069.75613","4018141717.21973","4330648805.85919","4759624227.71576","5033457056.33152","5160149092.80205","5470878254.44955","5776272618.86486","6282152474.2889","6588881129.62596","6832930011.36915","7315693654.78399","7948265433.30311","8579947909.23058","9215207210.50798","9283353800","10155988900","10227080900","10830478600","11736174000","11882705000","12196519000","12941834000","13588661000","14399266000","14968406000","15525676000","15932961000","16733795000","17545884000","18372959000","19309654000","20013875000","19610579000","20058224000","20141809000","19447444000","18166348000","17843703000","18453765000","19666840000","20797847000","22102218000","23400855000","22647200000","25228428000","27315759000","28304441000","29419855000","",
"Czechia","CZE","GDP (constant LCU)","NY.GDP.MKTP.KN","","","","","","","","","","","","","","","","","","","","","","","","","","","","","","","3483418878000","3078821783000","3063226247000","3065122514000","3154296414000","3350538000000","3490208000000","3469412000000","3455772000000","3503405000000","3643915000000","3750216000000","3806974000000","3932636000000","4118899000000","4381480000000","4671673000000","4928093000000","5056828000000","4814185000000","4944874000000","5032516000000","4993732000000","4991644000000","5103717000000","5356798000000","5495050000000","5779340000000","5942913000000","6154824000000","5828318000000","6063142000000","6235770000000","6238737000000","6315666000000","",
"Germany","DEU","GDP (constant LCU)","NY.GDP.MKTP.KN","898944487938.309","937585073467.717","980934047038.134","1007765500753.71","1074675787936.27","1131033549298.11","1162840262988.14","1158999907603.76","1224700982128.05","1315550559395.62","1382685006000","1426000376000","1487323259000","1558379933000","1572250585000","1558623277000","1635763571000","1690516145000","1741375203000","1813648601000","1839199802000","1848933593000","1841633250000","1870591278000","1923397094000","1968172532000","2013191315000","2041419309000","2117099534000","2199593412000","2315182180000","2433447740000","2482447970000","2458292930000","2522131250000","2560089170000","2586659710000","2634624720000","2689836240000","2747118190000","2826139680000","2872379330000","2865822960000","2850639790000","2883766700000","2909302030000","3021795500000","3109098720000","3136704480000","2962788190000","3085288750000","3201232940000","3216071040000","3228838700000","3299233390000","3354099840000","3428635390000","3524565410000","3564593760000","3599446030000","3450720000000","3585643150000","3650516690000","3618770060000","3600826320000","",
"Djibouti","DJI","GDP (constant LCU)","NY.GDP.MKTP.KN","","","","","","","","","","","","","","","","","","","","","","","","","","","","","","","","","","","","","","","","","","","","","","","","","","","","","","363340000000","389475000000","417941671800","447713464000","472150074600","494692121400","522123199300","528399721500","551687125100","580190244700","619685740000","662942808100","",
"Dominica","DMA","GDP (constant LCU)","NY.GDP.MKTP.KN","","","","","","","","","","","","","","","","","","702646825.63647","776675908.567921","634083761.832279","718944346.642241","796801210.440235","829690642.754722","850900173.182585","886609448.659618","899207576.335527","962811734.78888","1023541672.49356","1103548066.45595","1101438784.37573","1161114556.10213","1176763700","1200645100","1226596100","1227019000","1264208300","1303451800","1331940400","1382210900","1387105000","1419566300","1418660000","1374860000","1454670000","1514280000","1528140000","1595390000","1680870000","1800570000","1780120000","1778240000","1779000000","1776200000","1776280000","1817760000","1756440000","1781860000","1647430000","1696260000","1763230000","1486290000","1566250000","1729090000","1792240000","1829030000","",
"Denmark","DNK","GDP (constant LCU)","NY.GDP.MKTP.KN","572331166146.171","608839212440.133","643341047926.892","647439267010.527","707456487038.93","739682932722.229","759956977000","804689802000","851788275000","909702386000","926586478000","956031744000","992337988000","1039171309000","1029150919000","1014640925000","1075452434000","1096804792000","1123314493000","1168845797000","1160062739000","1151466832000","1196283216000","1228042190000","1281331178000","1334545936000","1397715415000","1404186220000","1408018962000","1417835293000","1441375155000","1462393000000","1491974450000","1490797276000","1569730462000","1617419211000","1664255639000","1716987270000","1756929592000","1809063058000","1876432729000","1894259445000","1902907308000","1911300861000","1964365297000","2010716634000","2087455387000","2108062200000","2099267819000","1994840181000","2026416447000","2052978790000","2052867266000","2081457003000","2108058020000","2152420300000","2218565155000","2286375094000","2328901842000","2368758690000","2326592274000","2477826692000","2488824095000","2503871221000","2590951754000","",
"Dominican Republic","DOM","GDP (constant LCU)","NY.GDP.MKTP.KN","224440510579.262","219248643273.901","256624487735.794","273312528308.187","291801752194.478","255379542121.125","289762170508.774","299404129264.858","300119287419.22","332806617036.205","393466223725.886","436241770728.005","481585456148.839","543689578708.247","576321299317.84","606251124542.695","647040443720.259","679274600701.187","693815727989.942","725255288454.057","783048985902.355","816562444798.754","830433461525.879","868865476584.908","879751457165.075","861078424782.791","891405548341.826","981592322350.57","1002755092881.13","1046881719961.86","989781520547.813","999126432800","1111402907300","1193276572700","1224227578300","1294008410600","1371146751900","1493172674200","1593302679200","1688207916600","1766738714800","1810366034800","1891588173400","1866063887500","1914312213500","2094866108400","2286990605300","2456648848500","2536934263100","2562391204300","2777661415400","2866323319900","2945883025300","3091254487300","3311080589300","3542449342200","3780492755500","3929212114500","4208088588800","4414033711600","4064042668200","4633513757800","4876215194200","4983116385900","5229956154600","",
"Algeria","DZA","GDP (constant LCU)","NY.GDP.MKTP.KN","1106789202134.61","956205646651.185","767976165168.609","1031497423582.13","1091730818309.17","1159493438940.51","1103780116110.15","1208120037261.69","1338551558709.75","1451435363381.43","1580071102812.32","1401021882782.36","1785237696330.67","1853311956996.5","1992216162981.6","2092730274066.89","2268242466028.67","2387519946486.26","2607525986875.95","2802512257458.31","2824669114752.8","2909409077706.12","3095611378396.81","3262774486457.56","3445489744460.72","3572972770423.17","3587264697334.62","3562153933194.19","3526532198276.54","3681699691194.93","3711153310084.79","3666619448600","3732618683100","3654233662500","3621345685500","3758956632900","3913073797400","3956117606700","4157879747500","4290931964000","4453987378700","4587607000000","4835337778000","5149634733600","5381368296600","5671962184600","5836449087900","6017379009700","6167813484900","6241827246700","6541434954600","6737678003200","6899382275300","7078766214500","7368995629200","7604803489400","7901390825500","8019911687800","8132190451500","8205380165500","7795111157300","8091325381200","8382613095000","8726300231900","9049173340400","",
"East Asia & Pacific (excluding high income)","EAP","GDP (constant LCU)","NY.GDP.MKTP.KN","","","","","","","","","","","","","","","","","","","","","","","","","","","","","","","","","","","","","","","","","","","","","","","","","","","","","","","","","","","","","","","","","","",
"Early-demographic dividend","EAR","GDP (constant LCU)","NY.GDP.MKTP.KN","","","","","","","","","","","","","","","","","","","","","","","","","","","","","","","","","","","","","","","","","","","","","","","","","","","","","","","","","","","","","","","","","","",
"East Asia & Pacific","EAS","GDP (constant LCU)","NY.GDP.MKTP.KN","","","","","","","","","","","","","","","","","","","","","","","","","","","","","","","","","","","","","","","","","","","","","","","","","","","","","","","","","","","","","","","","","","",
"Europe & Central Asia (excluding high income)","ECA","GDP (constant LCU)","NY.GDP.MKTP.KN","","","","","","","","","","","","","","","","","","","","","","","","","","","","","","","","","","","","","","","","","","","","","","","","","","","","","","","","","","","","","","","","","","",
"Europe & Central Asia","ECS","GDP (constant LCU)","NY.GDP.MKTP.KN","","","","","","","","","","","","","","","","","","","","","","","","","","","","","","","","","","","","","","","","","","","","","","","","","","","","","","","","","","","","","","","","","","",
"Ecuador","ECU","GDP (constant LCU)","NY.GDP.MKTP.KN","11416060425","12001066724","12591416831","12856638437","13808961191","14261216061","14212795576","14869579369","15153504827","15861058030","16951018728","18017679583","18921742008","21561454089","23978171747","26609093678","28577418261","29036040703","30693076717","31839171058","33019984972","34873351861","35087769044","34969569308","35887616063","37299794262","38592151012","38492159247","40759527297","41169477633","42684479026","44516216200","45457427300","46354401500","48328288000","49416906200","50272682300","52448416000","54161658900","51594728900","52158041000","54351950000","57030466000","58675510000","62684454000","66068551000","68936674000","70248145000","74859880000","75676611000","78725726000","85402830000","90341857000","96856622000","100949846000","101070675000","100375355000","106368164000","107478961000","107656736000","97703767200","106909311300","113183202500","115433554100","113123434600","",
"Egypt, Arab Rep.","EGY","GDP (constant LCU)","NY.GDP.MKTP.KN","350763027496","368866307718","383162152028","423463502053","472193892626","495397700211","520397468146","524588042275","516159001745","543409706640","573832580787","597114955924","615360881942","636940542958","646870054761","704694720883","798275991338","870145132209","945227933841","988213966553","1087147318344","1167036924965","1282657270318","1348001050037","1479374033725","1565052066565","1639306361693","1702136919109","1795096071534","1883430390528","1990164939914","2012562347600","2102581427400","2163572916000","2249535393200","2353969146400","2471402324700","2607140507500","2752501560300","2919122557300","3105070776000","3214842851900","3291684155167.24","3396802598760.59","3535802193594.79","3693914232718.68","3946719745823.37","4226456430427.18","4528913637384.45","4740576936061.86","4984585564563.96","5072542163210.07","5185467086633.14","5298793709533.22","5453301864798.64","5691721262703.19","5939120092476.88","6187447828995.64","6517307393499.94","6879154365747.34","7123375685182.79","7357780763088.61","7842500000000","8137400000000","8332630000000","",
"Euro area","EMU","GDP (constant LCU)","NY.GDP.MKTP.KN","","","","","","","","","","","","","","","","","","","","","","","","","","","","","","","","","","","","","","","","","","","","","","","","","","","","","","","","","","","","","","","","","","",
"Eritrea","ERI","GDP (constant LCU)","NY.GDP.MKTP.KN","","","","","","","","","","","","","","","","","","","","","","","","","","","","","","","","","16275381300","18465195200","22383770200","23023583200","25155299600","27144752900","27625916200","27629640200","26761520800","29104608500","29979326900","29183221100","29606884300","30369098600","30074756100","30503869400","27519666700","28586467000","29213708500","31749400000","","","","","","","","","","","","","","",
"Spain","ESP","GDP (constant LCU)","NY.GDP.MKTP.KN","181990021097.352","203535226762.175","223793979575.786","245270366306.299","258290568831.018","274441826531.378","294328046796.355","307102880083.685","327362518925.904","356520749408.761","371654951000","388934950000","420632160000","453392950000","478868128000","481464567000","497371152000","511489402000","518972509000","519188124000","530655578000","529952626000","536558283000","546055986000","555801379000","568703951000","587205720000","619778742000","651352280000","682793252000","708612352000","726653626000","733405804000","725840783000","743138987000","763631000000","783542000000","811650000000","846567000000","883891000000","929859000000","966301000000","992927000000","1022112000000","1053946000000","1091374000000","1135503000000","1175626000000","1184645000000","1140006000000","1141079000000","1133777000000","1101293000000","1085574000000","1102080000000","1146834000000","1180266000000","1214447000000","1243538000000","1267926000000","1129214000000","1204681000000","1281423000000","1312957000000","1358323000000","",
"Estonia","EST","GDP (constant LCU)","NY.GDP.MKTP.KN","","","","","","","","","","","","","","","","","","","","","","","","","","","","","","","15398310055.6165","14166469334.9802","11167618144.6311","10526541670.489","10353651158.1953","10822328000","11357277000","12839404000","13396612000","13339673000","14685331000","15548938000","16626946000","17889979000","19106623000","20926157000","22969088000","24708059000","23441694000","20012122000","20502369000","22061979000","22872099000","23273846000","24047187000","24489211000","25246667000","26669234000","27655915000","28686554000","27859289000","30159040000","29789239000","28971757000","28945670000","",
"Ethiopia","ETH","GDP (constant LCU)","NY.GDP.MKTP.KN","","116767664736.661","121819140563.694","127323701577.641","132531859270.645","140181508087.181","150353916651.235","156460673107.067","162941568088.827","165204268244.394","170957884775.293","182115410375.159","189813719409.686","199512952778.83","206044325165.581","208611908848.09","208922344889.03","214616902855.941","220497419582.816","218070264041.28","232079460157.6","242248133393.654","244467159863.23","264599044459.378","257063206910.82","228415175756.301","250483764612.079","285199137135.437","286635613545.162","285600732345.36","293387498603.871","272447025400","248819111300","281520993900","290501413900","308301921200","346612053700","357474552600","345112585200","362927800100","384969194700","416926666800","423241962200","414094180900","470297540700","525880906300","582858667200","649631929500","719717611100","783071136700","881350779900","979870780900","1064608160300","1177267870800","1298026039800","1432922915900","1568097450700","1718073264900","1835179677700","1988675679300","2109180096400","2228170138900","2346748003500","2501498339700","2691931766800","",
"European Union","EUU","GDP (constant LCU)","NY.GDP.MKTP.KN","","","","","","","","","","","","","","","","","","","","","","","","","","","","","","","","","","","","","","","","","","","","","","","","","","","","","","","","","","","","","","","","","","",
"Fragile and conflict affected situations","FCS","GDP (constant LCU)","NY.GDP.MKTP.KN","","","","","","","","","","","","","","","","","","","","","","","","","","","","","","","","","","","","","","","","","","","","","","","","","","","","","","","","","","","","","","","","","","",
"Finland","FIN","GDP (constant LCU)","NY.GDP.MKTP.KN","47261155369.7884","50855210500.3444","52371685179.7354","54092147218.7866","56925865285.6499","59944562974.467","61366941361.1352","62697885309.9118","64141999422.1569","70295326017.6494","75546691000","77327267000","83308906000","89127057000","92011684000","93672401000","93994993000","94220121000","96971073000","103877281000","109475277000","110886834000","114309595000","117857592000","121660306000","125967147000","129437667000","134046985000","141059134000","148230481000","149255717000","140478591000","135826820000","134767622000","140110313000","146043098000","151392156000","161077773000","169863390000","177319171000","187521651000","192472714000","195720357000","199657859000","207654914000","213422133000","222000792000","233795254000","235629217000","216599728000","223462231000","228803860000","225319543000","223111995000","222045367000","223081217000","228818719000","236377448000","239197378000","242425917000","236387000000","242713535000","244565541000","242268842000","243277097000","",
"Fiji","FJI","GDP (constant LCU)","NY.GDP.MKTP.KN","1913694951.38586","1981010740.37149","2052448011.8507","2182958500.13001","2289427514.70081","2227606860.40672","2227606860.40672","2525033103.48521","2724920318.9388","2795670436.44329","3150796376.1399","3367854317.65064","3619947532.05718","4040327278.32604","4145422247.89724","4167401740.27447","4281428655.38926","4534204709.44515","4618695146.01166","5183322303.99783","5100209962.72432","5423052770.89983","5098836309.44426","4896916119.38271","5307915487.80874","5063036141.39551","5455416782.76594","5094539871.15568","5143231183.89817","5525817247.30188","5846314798.16092","5688464080.48664","6035460498.03898","6164017763.42695","6478382645.23094","6640342116.67813","6959078566.84607","6805978882.30864","6894456638.51024","7501168734.39993","7373648984.72951","7521121975.24508","7761797811.79568","7839415739.05502","8254904750.06804","8312689116.53892","8466680341.75188","8394658160.50697","8481357704.79924","8363802888.89125","8610925866.28999","8843863727.0952","8968678447.78069","9393275370.81197","9919628909.42786","10366131286.598","10619650762.651","11188159382.9374","11614691313.9017","11547100000","9562900000","9147300000","10770500000","11787500000","12203700000","",
"France","FRA","GDP (constant LCU)","NY.GDP.MKTP.KN","490671500000","514942200000","550248000000","583831500000","622264000000","652373800000","686059400000","719002400000","751674000000","804995100000","854906200000","900160200000","940794400000","999072700000","1043178900000","1033314500000","1078135100000","1116453700000","1160546500000","1203432300000","1223606800000","1238147100000","1268389000000","1284396800000","1305068800000","1325546300000","1357220700000","1391867100000","1458874700000","1523140600000","1566239800000","1585608900000","1609647700000","1603869100000","1642099900000","1679946900000","1703417100000","1746463500000","1806761800000","1868179200000","1945540500000","1982495400000","2003663500000","2023055500000","2081081800000","2120384400000","2177933000000","2233045200000","2241534600000","2178221300000","2221792800000","2275950700000","2280134700000","2297959800000","2320889600000","2345647800000","2365821100000","2415115700000","2454866300000","2504637400000","2318276200000","2477827800000","2545144500000","2581774600000","2612509800000","",
"Faroe Islands","FRO","GDP (constant LCU)","NY.GDP.MKTP.KN","","","","","","","","","","","","","","","","","","","","","","","","","","","","","","","","","","","","","","","","","","","","","","","","","13792200000","13164200000","13114200000","13581900000","14543700000","15395400000","16231700000","16387200000","16614400000","17197900000","17673200000","18475300000","18172800000","19093500000","19830700000","20457100000","20629700000","",
"Micronesia, Fed. Sts.","FSM","GDP (constant LCU)","NY.GDP.MKTP.KN","","","","","","","","","","","76357857.3439735","78115290.3439538","78948714.4590314","105736019.465474","121942472.530467","122033061.267349","122467893.353322","125439226.931989","132514261.730348","135322535.384274","125584169.307707","137795628.430679","134183916.653284","136773662.000636","131367685.083146","153109925.102667","165327097.77939","167310626.247049","171575212.452516","177624974.278876","184269794.645534","197956141.072383","205890254.943019","222651070.494739","221460953.414143","236995254.137886","229081873.761281","214853428.623805","220948411.176573","223442459.102042","233775720.120045","238030769.75264","239085799.218929","243300321.658674","235538109.216531","240988775.633741","240509260.174463","236363663.90801","230257236.678297","232786535.603623","237596343.553999","246586326.045604","242408610.582833","233496629.085095","227458834.723767","237543537.183176","239782922.966572","245000000","245000000","255000000","250734000","258506000","250994100","252131400","253944200","",
"Gabon","GAB","GDP (constant LCU)","NY.GDP.MKTP.KN","630663824500","723792962500","777709831800","825091300000","862669700700","934558862500","976688818700","1016881056500","1042392577400","1126648235800","1224433891300","1350045269400","1503099505800","1656151615200","2310117779800","2753432036300","3734351505000","3264491994100","2479407587300","2491170027800","2554768033100","2684941876700","2601775254400","2747689072600","2954010360800","2885094795800","2861910239400","2371205901600","2675795675900","2904450711100","3055256683600","3242009354800","3141826543700","3265820456500","3387072363600","3555540186600","3684430261300","3895856406100","4031347808700","3671242715100","3602114448400","3679028000000","3669866000000","3752340000000","3778214000000","3879326689000","3770450345800","3996983075600","3864745662500","3869782628800","4144145856500","4438038458800","4671083271900","4934471597800","5147392292600","5347054461100","5458885015000","5484686000000","5530643093400","5747489034200","5641863918596.14","5724684072684.46","5898577905886.83","6042440484300.25","6247523270642.9","",
"United Kingdom","GBR","GDP (constant LCU)","NY.GDP.MKTP.KN","594690610855.091","610755072730.351","617465415882.424","647471426681.912","683696229444.126","698261236547.991","709206130033.67","728891832074.511","768781844672.037","783689583631.725","804916455000","821051308000","850825675000","913051017000","897714518000","891638156000","916645539000","938309090000","970243256000","996893628000","975170297000","962264326000","982405181000","1018010948000","1045201256000","1082822036000","1126268428000","1177649704000","1236910236000","1265129684000","1274988411000","1258509954000","1274804241000","1319301123000","1384651529000","1433576681000","1471063508000","1542851191000","1592936998000","1639840370000","1714032992000","1755015903000","1785009605000","1842460427000","1885316398000","1937929069000","1980366253000","2038409032000","2037401820000","1943937882000","1987881465000","2004807038000","2035445709000","2070424225000","2135853223000","2181569145000","2229705909000","2297114873000","2332750727000","2362057051000","2124720000000","2306237206000","2425001593000","2431589111000","2458979082000","",
"Georgia","GEO","GDP (constant LCU)","NY.GDP.MKTP.KN","14084807357.9105","14770165731.7322","15525366742.1881","16177723882.0174","17056107579.9331","18857000000","20278000000","21546000000","22506000000","23581000000","26423000000","27076000000","27844000000","29649000000","32261000000","34642000000","36755000000","39289000000","42208000000","45319000000","47393000000","49889000000","50888000000","53077000000","55958000000","58723000000","53922000000","54613000000","57647000000","53500000000","45588000000","35969000000","19819000000","14012000000","12555000000","12881000000","14324000000","15831000000","16322000000","16790000000","17099000000","17921000000","18902000000","20992000000","22208000000","24338000000","26631000000","29980000000","30706000000","29585000000","31433000000","33927000000","36159000000","38015000000","39570000000","40896000000","42307000000","44490000000","47187000000","49726000000","46598000000","51558000000","57208000000","61688645700","67659979448.0433","",
"Ghana","GHA","GDP (constant LCU)","NY.GDP.MKTP.KN","20265825441","20960877190","21822192879","22783673067","23287039022","23605838323","22600633183","23295684931","23381613471","24785954086","27196009537","28614587269","27902754943","28707633402","30674828813","26861447892","25913189677","26502483400","28748816826","28025800924","28157997490","27171603987","25290337116","24136152516","26223343069","27558535334","28991347867","30381453681","32091373167","33723499554","34846093438","36686603600","38109830700","39958157700","41276776800","42974250800","44952124000","46838475800","49040067200","51197828600","53092148300","55215834300","57700546600","60700975100","64100229700","67882145700","72226543700","75366100900","82261947600","86247117000","93060390800","106132698900","115995387100","124477578800","128032957400","130748228300","135158975000","146145906000","155207065700","165307592000","166157176600","174592089900","181235056700","186926002400","197376015879.09","",
"Gibraltar","GIB","GDP (constant LCU)","NY.GDP.MKTP.KN","","","","","","","","","","","","","","","","","","","","","","","","","","","","","","","","","","","","","","","","","","","","","","","","","","","","","","","","","","","","","","","","","","",
"Guinea","GIN","GDP (constant LCU)","NY.GDP.MKTP.KN","","","","","","","","","","","10849005327657","11431143252577","11695794741549","11879101389354","12502780486742","12862475550876","13881616863189","13416156554283","14327954036083","14154892303803","14523115968762","14611668802922","14874679537238","15068052131578","15279006286777","16042945995010","16542529756000","17088423121000","18166380794000","18893667491000","19710641530000","20225763970000","20887338051000","21940925573000","22812002063000","23863104569000","24927774897000","26219433343000","27174901283000","28210809616000","28916943266000","29974825239000","31522907901000","31916503326000","32663386946000","33642397681000","34042608356000","36363453346000","37866360749000","37441257061000","39243439615400","41445825310700","43897464521200","45629521110000","47316240594700","49126517644700","54442314973700","60049876324700","63868142863200","67455561820700","70629070084900","74571819838700","77534116657900","81830845491700","86208833850920","",
"Gambia, The","GMB","GDP (constant LCU)","NY.GDP.MKTP.KN","","","","","","","9334413938","9334413938","10228290809","10477403172","11122166488","11114839534","11141704633","12172348996","12887936271","14485193514","15550032787","16084887992","17100881306","16873750280","17931747855","18527421513","18385764065","20386728645","21107451958","20936003585","21792510302","22327370986","23326928741","24702219581","25581341777","26376164100","27267332600","28088652300","28132006000","28380087600","29011131800","30432677000","31497820300","33513680500","35356933000","37407635200","36191887000","38678269500","41405087500","40431351900","40206723000","41430313900","44022155200","46956550700","49730901400","45687558200","48082303200","49463596600","48767454600","50746473900","51732660400","54227525500","58150827500","61769002900","62134358700","65400121200","68992548700","73074696864.923","77131263790.0513","",
"Guinea-Bissau","GNB","GDP (constant LCU)","NY.GDP.MKTP.KN","","","","","","","","","","","183131322706","175969116269","187186902647","189264476584","197893500290","213419401719","223969694455","207910910649","235201386973","239891642172","201622564522","238252400694","248259197211","239822636121","261668614817","272571019067","270407220502","278249029917","291048485261","308802442924","327639391900","344349001000","348136839900","355447713500","366822040400","382962210200","427385826600","455165905300","353000608500","412357735900","416894818000","436847285800","452809406200","451514683500","456805945800","486771370300","499751152900","512543915200","535734349800","548848864500","579613836300","626475856500","615745142100","635794246700","641926645900","681303000000","718316000000","751815955600","780095163900","821654700300","845412009100","888110035600","937221388500","991837918300","1032962606700","",
"Equatorial Guinea","GNQ","GDP (constant LCU)","NY.GDP.MKTP.KN","","","","","","","","","","","","","","","","","","","","","66853659323","70710728051","72267549142","75884097118","76651574967","86543597822","84526650501","88276875985","90620858489","89506966761","87932929390","87034044800","117274302200","130213425800","151918487600","178483355000","297317567800","743213535200","919908705800","1155994218100","1366544461300","2232658638500","2667197283900","3039411341300","4194348954900","4896847903700","5274146000000","6080147000000","7162359000000","7258575000000","6610807000000","7042091000000","7627491000000","7312231656300","7342582265800","6673670000000","6085291408100","5740407000000","5382403987800","5087350000000","4843610949200","4885279079000","5042756456400","4786115012300","4829536956800","",
"Greece","GRC","GDP (constant LCU)","NY.GDP.MKTP.KN","37199970000","42111794000","42265423000","47271706000","51719821000","57289017000","61009653000","64468587000","69112722000","77104688000","83990584000","90576434000","99779137000","107853643000","100909766000","107334497000","114688948000","118061951000","126617740000","130773435000","131658943000","129613330000","128145268000","126763064000","129311738000","132556889000","133243083000","130233304000","135817528000","140978594000","140978594000","145348930000","146366373000","144024511000","146905001000","149989594000","152063156000","157541814000","162956425000","167289087000","174211220000","182312764000","190850721000","201913999000","212772664000","215290842000","229162887000","237199331000","237335659000","227559148000","214602519000","193406703000","177293731000","173265410000","174638062000","174239360000","174183961000","176749908000","180399214000","184507230000","167539518000","182039222000","192091402000","196194304000","200288044000","",
"Grenada","GRD","GDP (constant LCU)","NY.GDP.MKTP.KN","","","","","","","","","","","","","","","","","","646998949","681557765","719739200","715890150","726873247","756851401","784344595","812333660","860908842","922844981","1006800112","1036669774","1075728700","1118893518","1134396300","1124740900","1102709300","1121384300","1145263900","1196093400","1256083400","1403717200","1500550700","1573896900","1542042800","1595047800","1746002700","1734698200","1965000000","1886491800","2002010200","2020980100","1887327000","1877680000","1892040000","1870190000","1914160000","2054700000","2187130000","2268920000","2369630000","2472980000","2489710000","2147210000","2248080000","2412420000","2521620000","2621560000","",
"Greenland","GRL","GDP (constant LCU)","NY.GDP.MKTP.KN","","","","","","","","","","","4085685613","4619310938","4904658411","5238469903","5537390301","5573175140","5905292267","6426275770","6812926609","7144075547","7763895989","7815547603","7470126906","7728385378","7328084732","7596027942","8135142560","8583866619","9064873088","9668552393","8535443206","8525758500","8089947300","7683190200","8138370800","8441824400","8570953700","8696854700","9371555100","9500684300","10175384600","10304513800","10204438700","10656500000","11392500000","11960700000","12625200000","12922200000","13719000000","13837800000","14078000000","14008100000","14203400000","14019000000","14683800000","14312400000","14982500000","14990400000","15083800000","15511000000","15549900000","15804000000","16120800000","16260400000","","",
"Guatemala","GTM","GDP (constant LCU)","NY.GDP.MKTP.KN","55747903919","58144237798","60200509502","65944266560","68999459439","72009056688","75978270775","79102630700","86036795036","90112279737","95255783772","100574632930","107949822680","115271880320","122620497160","125011585600","134246523490","144730130770","151961846480","159124501390","165107547890","166175560280","160309415090","156186110340","156961883240","156005453340","156228618510","161765334670","168061867630","174687857210","180107658340","186696444500","195729451100","203416004900","211621280700","222093460300","228662496000","238641533000","250558164300","260197292700","269587471400","275875801000","286467465000","293802114000","303021380000","312948442000","329695558000","350590735000","362137525000","363864552000","374359044000","389947006000","401546793000","416383220000","434887198000","452683525000","464805497000","479120815000","495443855000","515350283000","506148437000","546851395000","569734491000","589864108000","611405142000","",
"Guam","GUM","GDP (constant LCU)","NY.GDP.MKTP.KN","","","","","","","","","","","","","","","","","","","","","","","","","","","","","","","","","","","","","","","","","","","4549000000","4589000000","4887000000","5065000000","4880000000","4915000000","5015000000","5037000000","5151000000","5155000000","5265000000","5354000000","5450000000","5495000000","5505000000","5554000000","5508000000","5647000000","5053000000","5157000000","5420000000","","","",
"Guyana","GUY","GDP (constant LCU)","NY.GDP.MKTP.KN","320339509120","335361908280","339067408560","297434483580","331223880810","366138252230","385299269800","401919623210","406038606250","434438516350","452925860140","467024766600","451530421660","457150708200","492364295580","534131664700","542340805180","528030168660","518492947040","508974991400","517800056490","525547204470","456226821400","425238131510","403854020580","413545174090","409820777000","413506691110","398233684600","378653861780","367038712640","389273426700","419472814500","453765159600","492482323200","517261308100","558412122200","592925708200","582969866000","600226659000","592040744400","605536441400","612394910400","608523194300","618036554500","605978923400","637063274900","682876000000","694862000000","719957000000","749752000000","788711000000","830326000000","860661000000","875176000000","881192000000","914743000000","948904000000","991044000000","1044093000000","1498061000000","1798572000000","2937691000000","3930484000000","5652795000000","",
"High income","HIC","GDP (constant LCU)","NY.GDP.MKTP.KN","","","","","","","","","","","","","","","","","","","","","","","","","","","","","","","","","","","","","","","","","","","","","","","","","","","","","","","","","","","","","","","","","","",
"Hong Kong SAR, China","HKG","GDP (constant LCU)","NY.GDP.MKTP.KN","","113928000000","130210000000","150736000000","163741000000","187716000000","191085000000","194149000000","200745000000","223516000000","244094000000","261896000000","289688000000","325261000000","333117000000","334756000000","388867000000","434464000000","470354000000","524711000000","577750000000","631254000000","649875000000","688718000000","757409000000","763143000000","847517000000","961071000000","1042873000000","1066620000000","1107477000000","1170625000000","1243613000000","1320731000000","1400451000000","1433695000000","1494748000000","1570977000000","1478562000000","1515626000000","1631775000000","1640927000000","1668112000000","1719095000000","1868658000000","2006718000000","2147844000000","2286698000000","2335357000000","2277927000000","2432090000000","2549188000000","2592532000000","2672940000000","2746778000000","2812365000000","2873546000000","2982629000000","3067543000000","3016240000000","2818833000000","3000773000000","2890231000000","2983408000000","3058142000000","",
"Honduras","HND","GDP (constant LCU)","NY.GDP.MKTP.KN","3882857142.85714","3947450980.39216","4033712121.21212","4084870848.70849","4148070175.4386","4255228758.16993","4207598784.19453","4365988372.09302","4314550264.55027","4352577319.58763","4567676767.67677","4780299251.87032","4966987951.80723","5187586206.89655","5675799086.75799","5977752808.98876","6940174672.48908","7542460317.46032","8518327402.13523","9500512820.51282","10739966273.1872","11519078947.3684","12024916943.5216","12866164154.1039","13169607843.1373","13784394904.4586","14547449768.1607","14800589101.62","15921648044.6927","17056586021.5054","20667698519.5155","26050993377.4834","28404761904.7619","32278368794.3262","41645235223.1604","51920973348.7833","63840674157.3034","78158697972.2519","87206478578.8924","97301378579.0032","106654200000","109558600000","113671800000","118840500000","126247000000","133885700000","142678300000","151507700000","157918900000","154078900000","159827800000","165958300000","172810200000","177634300000","183066500000","190096400000","197496800000","207061400000","215022900000","220526700000","200756300000","225981900000","235345600000","243761200000","252424400000","",
"Heavily indebted poor countries (HIPC)","HPC","GDP (constant LCU)","NY.GDP.MKTP.KN","","","","","","","","","","","","","","","","","","","","","","","","","","","","","","","","","","","","","","","","","","","","","","","","","","","","","","","","","","","","","","","","","","",
"Croatia","HRV","GDP (constant LCU)","NY.GDP.MKTP.KN","","","","","","","","","","","","","","","","","","","","","","","","","","","","","","","45529068892.9437","35927593500","31719290100","29173632500","30886263200","32971306500","34985517300","37143420700","37979770900","37657438700","38766545600","39972663900","42292408800","44647407800","46509421200","48521919400","50981533200","53555731700","54612316700","50891955200","50212014900","50156326400","49034111900","48968579900","48695485600","49825214500","51552386200","53245347600","54795360100","56494852900","51799642500","58343086800","62598896100","64953644600","67439347200","",
"Haiti","HTI","GDP (constant LCU)","NY.GDP.MKTP.KN","279682428440","271482194760","292895558910","287351653590","282617944950","288727573640","287065118380","280985979980","289925878590","300977688650","302937516030","322569019750","325720866670","341209943000","360931499480","364983874100","395784262580","410460522610","435945456330","468904769910","503485033330","489122066890","471691002590","475974812830","477407102130","480288880800","477899420620","474106578080","475056814900","461216393750","466004386300","474767807200","449557955100","425163609800","374353882900","411406335200","428441739000","440029862400","449630611400","461816716100","465834795200","464238156300","469121106700","485450179100","479052641100","493769968800","502503528100","526154007100","540139350600","571955605200","539631468200","567143032800","569992497800","594643442800","611821339100","620386837900","631631151300","647486807100","658285663000","646942762500","625558034100","614309000000","603976421100","592719000000","568004787300","",
"Hungary","HUN","GDP (constant LCU)","NY.GDP.MKTP.KN","7159919177515.2","7496435378858.43","7953717936968.78","8407079859376","8802212612766.69","12535267446519","13462877237561.4","14472593030378.5","15181750088867.1","16229290844998.9","16992067514713.9","18045575700626.1","19146355818364.2","20467454369831.4","21675034177651.4","23018886296665.8","23847566203345.9","25659981234800.1","26789020409131.3","27512323960177.8","27567348608098.4","28357634184805.9","29163299680540","29374140384330.1","30154919042116.9","30078606746995","30540297967795.2","31777555558788.2","31756816527165.5","31990681606585.6","30872076315317","27200756385000","26367276154000","26215372030000","26987979561000","27389972392000","27417700419000","28234166380000","29320647636000","30225499862000","31558255502000","32840160100000","34393521120000","35748205430000","37522433680000","39136004586000","40675588248000","40810775330000","41216204707000","38438164056000","38848664691000","39593280608000","39062934765000","39856759970000","41584292897000","43106201566000","44157407249000","45978539927000","48556160389000","51021446457000","48807766000000","52333109846000","54506179735000","54060805723000","54363609942000","",
"IBRD only","IBD","GDP (constant LCU)","NY.GDP.MKTP.KN","","","","","","","","","","","","","","","","","","","","","","","","","","","","","","","","","","","","","","","","","","","","","","","","","","","","","","","","","","","","","","","","","","",
"IDA & IBRD total","IBT","GDP (constant LCU)","NY.GDP.MKTP.KN","","","","","","","","","","","","","","","","","","","","","","","","","","","","","","","","","","","","","","","","","","","","","","","","","","","","","","","","","","","","","","","","","","",
"IDA total","IDA","GDP (constant LCU)","NY.GDP.MKTP.KN","","","","","","","","","","","","","","","","","","","","","","","","","","","","","","","","","","","","","","","","","","","","","","","","","","","","","","","","","","","","","","","","","","",
"IDA blend","IDB","GDP (constant LCU)","NY.GDP.MKTP.KN","","","","","","","","","","","","","","","","","","","","","","","","","","","","","","","","","","","","","","","","","","","","","","","","","","","","","","","","","","","","","","","","","","",
"Indonesia","IDN","GDP (constant LCU)","NY.GDP.MKTP.KN","550703878732000","582317837941700","593044002673500","579777430505200","600241823743500","606733976081200","623670025657800","632279184192600","701293586217200","749137926271000","805732558606100","862327190941200","923014701924000","997815587553900","1.0739955438638E+15","1.1274515333768E+15","1.2050942157678E+15","1.3106764438108E+15","1.399370834371E+15","1.5018650851315E+15","1.6502505198133E+15","1.7810684665099E+15","1.8210791960845E+15","1.8974364525254E+15","2.0297926599264E+15","2.0797690692699E+15","2.2019564401402E+15","2.3104232149897E+15","2.4439771940013E+15","2.6262144779033E+15","2.8164083875041E+15","3.0110780518376E+15","3.2067230444825E+15","3.4150448607447E+15","3.6725382561437E+15","3.9744211725311E+15","4.2851488550159E+15","4.4865456599111E+15","3.8976091270442E+15","3.9284441294226E+15","4.1217262419939E+15","4.271899954667E+15","4.4641130418493E+15","4.6775141232586E+15","4.9128339625601E+15","5.1925005389178E+15","5.4781374900101E+15","5.8257265313589E+15","6.1760684575067E+15","6.4619507105515E+15","6.8641331E+15","7.2876353E+15","7.7270834E+15","8.1564978E+15","8.5648666E+15","8.9825171E+15","9.4346134E+15","9.9129281E+15","1.04258519E+16","1.09491554E+16","1.07229993E+16","1.11200597E+16","1.17102232E+16","1.23014751E+16","1.29202817E+16","",
"IDA only","IDX","GDP (constant LCU)","NY.GDP.MKTP.KN","","","","","","","","","","","","","","","","","","","","","","","","","","","","","","","","","","","","","","","","","","","","","","","","","","","","","","","","","","","","","","","","","","",
"Isle of Man","IMN","GDP (constant LCU)","NY.GDP.MKTP.KN","","","","","","","","","","","","","","","","","","","","","","","","","773072690","776311270","924629717","1016134280","1136336427","1214121077","1264956046","1285258500","1295540600","1329224600","1382393600","1441836500","1552858000","1686403700","1914068300","2176295600","2291639300","2415387800","2565141800","2719050300","2860441000","3029207000","3262455900","3507140100","3678990000","3756248800","3883961200","3961640400","4250994300","4427064600","4655284200","4637321000","4959721600","5100466500","5213360100","5226647800","4764778500","4947642900","4741554106.60851","","","",
"India","IND","GDP (constant LCU)","NY.GDP.MKTP.KN","7370436294200","7644818661000","7868898061100","8340587608700","8962207443100","8725984258100","8721156278300","9403670744500","9722260449300","10358067145000","10892256464000","11071208654000","11009951512000","11372786791000","11507592556000","12560527150000","12769421734000","13695813220000","14478190945000","13719796851000","14643937881000","15523482609000","16063037454000","17233855051000","17892315475000","18832431268000","19731974432000","20514417392000","22489500965000","23827028801000","25145486613000","25411232020000","26804376393000","28077792332000","29947471204000","32215839966000","34647981972000","36051163170000","38280717009000","41666935662000","43267358976000","45354561777000","47079838114000","50780492988000","54803799258700","59146140270900","63913752464600","68810066843300","70934025841100","76510780097400","83012348442500","87363288108900","92130167686000","98013698221800","105276736344200","113694931359600","123081932232700","131445821447400","139929139362800","145346407754900","136948692443500","150218462664300","161649133752300","176505909482400","187969554439000","",
"Not classified","INX","GDP (constant LCU)","NY.GDP.MKTP.KN","","","","","","","","","","","","","","","","","","","","","","","","","","","","","","","","","","","","","","","","","","","","","","","","","","","","","","","","","","","","","","","","","","",
"Ireland","IRL","GDP (constant LCU)","NY.GDP.MKTP.KN","22565785708.4823","23697723681.8065","24459947794.5943","25620482847.7504","26590464477.5862","27104577813.1635","27346646765.1065","28928842872.691","31313716082.7878","33149907011.7517","34031870000","35212738000","37497977000","39268417000","40941342000","43257249000","43860604000","47462130000","50873104000","52436453000","54051144000","55848462000","57123744000","56984190000","59465494000","61300370000","61037802000","63884050000","67217145000","71125096000","77146922000","78635580000","81264583000","83452720000","88256115000","96759081000","103899538000","115351101000","125462920000","138674022000","151714268000","159763956000","169189015000","174288099000","186119019000","196801845000","206618033000","217589695000","207832819000","197242110000","200561639000","203788408000","202963005000","207413857000","226881293000","282748510000","286205723000","315137852000","339367728000","356244078000","381728693000","443790862000","477124610000","465022945000","477111064000","",
"Iran, Islamic Rep.","IRN","GDP (constant LCU)","NY.GDP.MKTP.KN","7.61795717550449E+15","8.40953288592955E+15","9.07466537351002E+15","9.71371013590429E+15","1.05369692413476E+16","1.23320169242864E+16","1.37504957373518E+16","1.52978119474229E+16","1.750133672568E+16","2.02169594497599E+16","2.24261882400585E+16","2.54989310341434E+16","2.91960250860168E+16","3.13687003163095E+16","3.31884145719591E+16","3.30801485735702E+16","3.91207278095469E+16","3.8035684030216E+16","3.31515763588335E+16","2.91665048440538E+16","2.28666420695938E+16","2.15639781234799E+16","2.65606204417101E+16","2.95053212228553E+16","2.73986853983232E+16","2.79103969276728E+16","2.517939094185E+16","2.51360552743468E+16","2.36072812421935E+16","2.5054907036202E+16","2.8461103218282E+16","3.20802593518662E+16","3.31382605050453E+16","3.26507928880201E+16","3.20962890046295E+16","3.28669352032336E+16","3.49541584748762E+16","3.54261791772587E+16","3.61630478774457E+16","3.68872838748569E+16","3.90435401888314E+16","3.99775291030581E+16","4.32072454295575E+16","4.69400482914278E+16","4.89756813959785E+16","5.05379096829247E+16","5.30647016966705E+16","5.7392538588017E+16","5.75365115322814E+16","5.81161259824433E+16","6.14856631102413E+16","6.31124003161887E+16","6.07474705025446E+16","5.98229066339677E+16","6.28049439682691E+16","6.19100457804823E+16","6.73674699564545E+16","6.94065853783045E+16","6.68052542119128E+16","6.52276912981059E+16","6.812498053472E+16","7.09391532099267E+16","7.40270003856327E+16","7.79743800084139E+16","8.08306755605121E+16","",
"Iraq","IRQ","GDP (constant LCU)","NY.GDP.MKTP.KN","7715155733702","8280350148650","8661523295556","8873531604848","10189167034705","11285916764147","11846022887628","10796842499213","12903533232264.3","13322147910323.9","13927553879965.6","14676097579811","15224294408488.5","15897018764887.3","18458563795450.9","20764161102985.7","24330427312009.7","24792695551447.7","29021576871077.7","35078163878942.8","43761316748266.6","43442415994618.5","44934219015826.6","39059828187819.6","38479695332660.1","39039150185061.4","40853530049296.9","44655065978591.5","44646565021902","43254246169519.2","68262911971996.6","24542491718100","32541432451700","42398176855300","44032428340000","44965925286700","49921523525500","60523824806400","81707749128700","96072110634600","112208511500000","114190796900000","104822921000000","66398213000000","101845262400000","103551403400000","109389941300000","111455813400000","120626517100000","124702847900000","132687028600000","142700217000000","162587533100000","174990175000000","178951406900000","183616252100000","208932109700000","205130066900000","210532887200000","222141229692600","195402549500000","198337848904500","214123653600000","215232183585300","211906304000000","",
"Iceland","ISL","GDP (constant LCU)","NY.GDP.MKTP.KN","387521175203.022","387233696586.402","419431301647.781","462553094140.699","508262194183.192","545346935727.101","593068386085.93","585593942053.825","553396336992.446","566620353356.941","608879710000","688404500000","730929549000","780676685000","825224377000","830556606000","880052527000","957693201000","1015314867000","1064665083000","1125861188000","1173879247000","1199171253000","1173375140000","1221825187000","1262057953000","1341195826000","1455813613000","1454507370000","1458266396000","1475318931000","1472021217000","1422356779000","1441038717000","1493043757000","1494784402000","1562014624000","1626695626000","1740734850000","1808588479000","1897303038000","1970177297000","1980861307000","2026052077000","2180490028000","2333764099000","2466126155000","2681698366000","2727276800000","2500327439000","2444774702000","2478512512000","2507494050000","2597687533000","2647402495000","2747172247000","2917993825000","3019687866000","3160428582000","3196400969000","2983972055000","3138558875000","3415401548000","3592529655000","3557657815000","",
"Israel","ISR","GDP (constant LCU)","NY.GDP.MKTP.KN","75170898545.4394","83592963795.6116","92082763184.9","101931680603.77","110022188117.135","119921926844.297","119826412598.403","123415245365.903","143460290130.456","162921685801.698","174826920034.629","193972340263.811","217533295992.779","229687890433.066","244562848967.408","252493579971.408","253307880489.589","255930375040.612","270147529925.103","286917790975.612","291710585568.637","307287716999.016","313686984505.625","324224047970.972","327249751759.218","340460629060.335","354726421214.692","380052863739.539","391112464104.204","393360370576.809","422135465236.65","454750137200.55","490035410982.398","510208974916.278","548106508192.36","584297568000","618417265000","640756637000","667104319000","689100615000","748239846000","750319409000","749313436000","760171420000","795503408000","830408418000","876924800000","932375820000","962417864000","974330014000","1028252753000","1084999927000","1111551702000","1156966472000","1200651541000","1227517358000","1282261965000","1338001010000","1391573214000","1443207487000","1414031381000","1546785936000","1643665214000","1673687096000","1688281119000","",
"Italy","ITA","GDP (constant LCU)","NY.GDP.MKTP.KN","465735497874.246","503959555492.869","535223444764.688","565248024091.53","581061980944.19","600051224307.267","635963055327.833","681616378493.965","726225134919.925","770510779350.368","811428773000","826181424000","856671532000","917716766000","968192483000","947955683000","1015501176000","1041503092000","1075249248000","1139325066000","1178404102000","1188352515000","1193267371000","1207219094000","1246162200000","1281030887000","1317668010000","1359727454000","1416759553000","1464764800000","1493851732000","1516833858000","1529488430000","1516444865000","1549063953000","1593782900000","1615228600000","1646333400000","1676039400000","1704163200000","1770320500000","1805840800000","1810715300000","1811920400000","1838628500000","1852646400000","1885984400000","1913563000000","1893984600000","1793505800000","1820930400000","1833594300000","1776290100000","1743996700000","1743972500000","1759418300000","1781168600000","1809733200000","1824693300000","1832524200000","1670011900000","1819161700000","1906866700000","1925471900000","1938809200000","",
"Jamaica","JAM","GDP (constant LCU)","NY.GDP.MKTP.KN","","","","","","","866499442446.679","882171285128.991","932844370115.043","984847401470.185","1103663420393.69","1130792277926.94","1334431630534.37","1261231262126.07","1207890496329.05","1204797182295.94","1124145106013.85","1094944889453.03","1094356900600.49","1082756265295.37","1020885848051.13","1047831599089.44","1069513661904.33","1089931516234.27","1073121003274.07","1041532231659.26","1061139994400.12","1144443249170.74","1189926880287.67","1275283956901.5","1328852707323.32","1393145774000","1420389331700","1554148851900","1575648788700","1612675858300","1610841742600","1592470738900","1555293656900","1571588062100","1585397662200","1606720144100","1638811020000","1698895036700","1721383736800","1736769429100","1787120551800","1812711296700","1797996853800","1719868463100","1694807447800","1724133993700","1713554086100","1722424915900","1734306588100","1750288000000","1798603608300","1839846195400","1886133866300","1920262166100","1760795545400","1861243292900","1981094392500","2035502066200","2024611335000","",
"Jordan","JOR","GDP (constant LCU)","NY.GDP.MKTP.KN","","","","","","","","","","","","","","","","","4124077218","4466310007","5121944933","6187458490","6879516222","8061328875","8627713278","8436200600","8798255989","8560091848","9031293595","9241115325","9376236124","8370239190","8347145373","8481411800","9698475400","10133645000","10637436800","11297050900","11532822700","11914383300","12273265100","12689271200","13228021100","13925132200","14730535100","15343571000","16658087600","18015154500","19473116500","21065271600","22586265600","23720934100","24270034400","24934348900","25540093500","26206676500","27093530900","27769928700","28323711300","29024326100","29581323500","30099363700","29767442400","30855634000","31672516900","32585978700","33397009200","",
"Japan","JPN","GDP (constant LCU)","NY.GDP.MKTP.KN","73475011252838.8","82324000983865.1","89658224000399.2","97255541268957.4","108611787027761","114932675748402","127159859209489","141251895786964","159448626256497","179344457645599","180060132860000","188521144174000","204382459726000","220799685134000","218094359452000","224836912144000","233774143632000","244037618578000","256903139075000","270991814690000","278627256234000","290498517359000","300026121400000","310917665377000","324631870973000","341382251912000","352627545834000","369020711689000","393603530193000","412991595469000","432984225617000","448239806659000","452276591902000","450199648620000","455077035864000","467050110932000","481686858880000","486413308739000","480234252148000","478630606113000","491863055445000","493762155554000","493969350495000","501552399954000","512516915685000","521762212797000","528922617190000","536771667040000","530200030562000","500014489647000","520504673018000","520628602702000","527785949619000","538368586628000","539963264068000","548390074920000","552523985976000","561780595749000","565395041674000","563121196953000","539646000000000","554197953954000","559418491894000","567670109386000","568262240524000","",
"Kazakhstan","KAZ","GDP (constant LCU)","NY.GDP.MKTP.KN","","","","","","","","","","","","","","","","","","","","","","","","","","","","","","","6676232231700","5941846686100","5626928811800","5109251361000","4465485689600","4099315863000","4119812442400","4189849253900","4110242118100","4221218655200","4634898083500","5260609324700","5776149038500","6313330899100","6919410665500","7590593500000","8402787004500","9150635047900","9452606004500","9566037276500","10264357998000","11023920490000","11553068673000","12246252793000","12760595411000","12913722556000","13055773504000","13591060218000","14148293686000","14784966902000","14415342730000","15035202467000","15516328945900","16307661722100","17123044808200","",
"Kenya","KEN","GDP (constant LCU)","NY.GDP.MKTP.KN","634134922740","584833247700","640143025970","696336958660","730906379190","745590976650","855405838730","884158013790","954737606870","1030727316000","982742352950","1200654580200","1405755550600","1488647054200","1549169747100","1562836571800","1596499516800","1747429353700","1868220295000","2010489493500","2122915587600","2203024745500","2236212834300","2265485983800","2305250178400","2404388887400","2576965231600","2729962426200","2899307013800","3035294624600","3162535722400","3208023953500","3182375995800","3193616060500","3277697089700","3422119520500","3564029316600","3580954960300","3698776031800","3784047192600","3806739949200","3950631159900","3972235562900","4088720399400","4297420945600","4551255250900","4845834987600","5177810047700","5189837207000","5361462000000","5793514000000","6090206000000","6368448000000","6610312000000","6942157000000","7287024000000","7594064000000","7885521000000","8330891000000","8756946000000","8733060000000","9395942000000","9852583000000","10416150000000","10908286000000","",
"Kyrgyz Republic","KGZ","GDP (constant LCU)","NY.GDP.MKTP.KN","","","","","","","","","","","","","","","","","","","","","","","","","","","343453755057","354787620346","401619692866","412823882018","436366388462","401701768800","346114929600","292607886600","233837127800","221154218400","236821894300","260303386400","265826595500","275544656000","290543479200","306005103200","305952089000","327461417900","350471517500","349856386000","360712075400","391527256300","424421873100","436671938600","434612739600","460499466500","460093535300","510314904600","530850173500","551424999600","575333993100","602604463200","625249797400","654015200000","607259800000","640701643500","698156596700","761083495200","829886474900","",
"Cambodia","KHM","GDP (constant LCU)","NY.GDP.MKTP.KN","","","","","","","","","","","","","","","","20145875113137.1","20145875113137.1","17189184424474.8","17189184424474.8","14984058938267.8","14134701617777.7","14140509865837.9","14140509865837.9","14767416122605.5","15495756790518.5","16219437151036.2","16835908439044","20460935308310.9","22911522886952.5","23708702561619","23984271620592.1","25804989137700","27615864153800","28747664667700","18740993917600","20597002422000","21811711794700","22685624437100","23747681913800","26764915412400","29439688732500","31615196546300","33595911627400","37050808111400","40554960467600","45950122245600","50978609574700","56279598931900","60487267768700","62951989954600","66148011136100","70967990573200","76397223940800","82400135625100","88992410770400","95406124717500","102948457015000","111261585228800","121026150909900","130631936159000","125987027752100","129879828910300","136542535692300","143379671643000","151946763875400","",
"Kiribati","KIR","GDP (constant LCU)","NY.GDP.MKTP.KN","","","","","","","","","","","116313888.87667","113650231.006614","127378300.476841","154012953.932553","223785062.526852","235745075.648294","172640286.02594","164677029.041687","166421936.172355","147141964.587002","145553764.661556","154464848.902367","152780947.357109","137842115.312752","157027652.859839","136236999.024728","132877771.153184","134595527.201679","164267669.878988","152288545.973623","142564413.158265","134511400","166739300","166565900","169972600","174650600","174559700","176614500","184460200","177240000","189190700","183242300","185894100","182965400","181851200","184201500","194842700","200795300","194802100","195847800","198248800","204719100","216600300","233345500","236294200","262913524.324238","281548912.752069","292104547.559581","302268146.524059","312134962.620995","307552648.505269","333632306.915009","348867045.459875","358119037.444409","376980800","",
"St. Kitts and Nevis","KNA","GDP (constant LCU)","NY.GDP.MKTP.KN","","","","","","","","","","","","","","","","","","440420000","457640000","492410000","533970000","542230000","545200000","551670000","600580000","651930000","722710000","770050000","841090000","887180000","930450000","913100000","952080000","1016840000","1070750000","1128390000","1194320000","1275820000","1269610000","1310490000","1442100000","1517860000","1538620000","1478100000","1537170000","1686780000","1739920000","1750370000","1948460000","1882120000","1881100000","1911510000","1897410000","2006080000","2158080000","2173060000","2258520000","2263510000","2308860000","2376700000","2013020000","2020420000","2232170000","2299610000","2306790000","",
"Korea, Rep.","KOR","GDP (constant LCU)","NY.GDP.MKTP.KN","31031500000000","33179000000000","34480200000000","37586800000000","41130000000000","44138100000000","49438200000000","53962500000000","61097900000000","70012500000000","77130700000000","85346200000000","91607900000000","105325900000000","115488700000000","124648700000000","141181100000000","158655500000000","176217800000000","191613800000000","188693100000000","202663600000000","219825700000000","249429200000000","275960000000000","297867900000000","332131600000000","374950700000000","420444200000000","450569100000000","495738200000000","549649600000000","584561100000000","625449500000000","684065600000000","750665500000000","810646900000000","861573300000000","819020800000000","914168600000000","998289100000000","1.0454676E+15","1.1264286E+15","1.1610632E+15","1.2212485E+15","1.2744734E+15","1.3413196E+15","1.419679E+15","1.4623319E+15","1.474321E+15","1.5772531E+15","1.6354227E+15","1.6770878E+15","1.7322874E+15","1.7879749E+15","1.840189E+15","1.8985511E+15","1.963732E+15","2.0261024E+15","2.0729824E+15","2.0584665E+15","2.1534229E+15","2.2121589E+15","2.2471777E+15","2.2922024E+15","",
"Kuwait","KWT","GDP (constant LCU)","NY.GDP.MKTP.KN","","","","","","","","","","","19151031863","20499969447","21299627411","19900225974","17314924014","15189619475","16193073764","15570039282","16715180541","19038458654","15342951948","12439339536","10977828744","11849300651","12470394215","11938582851","12961446314","14017305373","12608199349","15872822395","11709556869","6907726300","12627968100","16920273500","18347695800","19239080300","19355501200","19834225700","20560565900","20192735500","21140700000","21185800000","21824400000","25605700000","28227800000","31222500000","33568800000","35580100000","36462400000","33882300000","33079103800","36264169700","38666988200","39111451900","39307366900","39540369500","40697350700","38779600900","39843453500","40745436400","38782600000","39431095700","42096112200","41394283300","40334543700","",
"Latin America & Caribbean (excluding high income)","LAC","GDP (constant LCU)","NY.GDP.MKTP.KN","","","","","","","","","","","","","","","","","","","","","","","","","","","","","","","","","","","","","","","","","","","","","","","","","","","","","","","","","","","","","","","","","","",
"Lao PDR","LAO","GDP (constant LCU)","NY.GDP.MKTP.KN","","","","","","","","","","","","","","","","","","","","","","","","","14880817849000","15635269949000","16399073722000","16165256978000","15840302812000","18088142625000","19300876381000","20130150818000","21249358572000","22505738915000","24341986324000","26053533290000","27858606419000","29773075279000","30954354223000","33215995753000","35142119045000","37163287406000","39362887132000","41751034401000","44405438028000","47561584895000","51661044510000","55585645618000","59935168338000","64431369760000","69925371783000","75546429556000","81609860356000","88160112763000","94870828315000","101768000000000","108915000000000","116422000000000","123696000000000","130447000000000","131103189930000","134417938750000","138057205680000","143228388756700","149143997133778","",
"Lebanon","LBN","GDP (constant LCU)","NY.GDP.MKTP.KN","","","","","","","","","","","","","","","","","","","","","","","","","","","","","17445881445000","10039909689000","12703815000000","18985518574000","22106423751000","24486328336000","26471004499000","28178083200000","31358243556000","31689062573000","32850696077000","32678037866000","33116535182000","34388100609000","35565256816000","36712982603000","39165205943000","40217096941000","40840266891000","44642749980000","48691458238000","53673643998000","57954189866000","58456849666000","59956145882000","62251191301000","63797548309000","64092497640000","65088847183000","65676618000000","64438807000000","59982912000000","47146629000000","43845781000000","43573201000000","43241790000000","","",
"Liberia","LBR","GDP (constant LCU)","NY.GDP.MKTP.KN","2979571653","3052272767","3093313812","3163670017","3326661072","3486134094","3754659011","4007940455","4199073993","4505122367","4805307352","5040999522","5249721887","5131289464","5375189932","5188746659","5464307196","5551079550","5818431789","6008393096","5762147272","5639024583","5501830654","5397469024","5283727312","5239168680","5151224094","5099629395","4995500156","3663277728","1793875418","1538692800","998832000","669463200","523772300","501427100","562206100","1159717700","1510046700","1838352700","2364414500","2433461900","2525033500","1763858800","1810069200","1905662800","2058952600","2255279400","2416434700","2544518800","2699730000","2921128600","3154638200","3428690700","3452739300","3452098300","3398419600","3481856100","3522161200","3435259000","3332802700","3499000000","3667235600","3839000000","3993399000","",
"Libya","LBY","GDP (constant LCU)","NY.GDP.MKTP.KN","6314385664","6939244888","9196209376","12416756544","18013199035","23083712629","27375474277","30416913277","40717270987","46046302959","48325939805","45775526239","49952927770","50920326017","62221296474","64727737390","79538060160","86579342068","89440719032","97452917001","98120742864","79291194905","81516150853","79500886334","75492625411","81778729057","72494793676","61836570565","66523178693","71312459826","73965377203","85544754400","83224546200","80092646200","81642268100","79829477500","81533136900","85783191100","82735962200","83356200000","86423100000","84899600000","84085500000","95030100000","99270000000","111054100000","118273200000","125641600000","125438000000","119918500000","125947100000","62547200000","116854900000","95823400000","73743000000","73121600000","72031400000","95435700000","103014600000","91481000000","64535000000","82798200000","75926100000","83670600000","85260300000","",
"St. Lucia","LCA","GDP (constant LCU)","NY.GDP.MKTP.KN","","","","","","","","","","","","","","","","","","1351757775","1491150236","1547705604","1513338366","1608833848","1642399626","1723951074","1849206009","2002463859","2290859090","2380746247","2711661972","2955196448","3247486108","3259686200","3518931500","3539453900","3596034200","3658901000","3765835600","3739695800","3974790700","4080941600","4082931000","3943782100","3960206000","4129093400","4429171500","4410998400","4684271100","4763511100","4999272600","4857848200","4873880000","5084770000","5079240000","4986860000","5053090000","5058240000","5231630000","5408450000","5564580000","5525610000","4179490000","4664260000","5615230000","5739320000","5962680000","",
"Latin America & Caribbean","LCN","GDP (constant LCU)","NY.GDP.MKTP.KN","","","","","","","","","","","","","","","","","","","","","","","","","","","","","","","","","","","","","","","","","","","","","","","","","","","","","","","","","","","","","","","","","","",
"Least developed countries: UN classification","LDC","GDP (constant LCU)","NY.GDP.MKTP.KN","","","","","","","","","","","","","","","","","","","","","","","","","","","","","","","","","","","","","","","","","","","","","","","","","","","","","","","","","","","","","","","","","","",
"Low income","LIC","GDP (constant LCU)","NY.GDP.MKTP.KN","","","","","","","","","","","","","","","","","","","","","","","","","","","","","","","","","","","","","","","","","","","","","","","","","","","","","","","","","","","","","","","","","","",
"Liechtenstein","LIE","GDP (constant LCU)","NY.GDP.MKTP.KN","","","","","","","","","","","1149285370","1168469495","1187973816","1207803780","1227964712","1248462295","1307872522","1370109952","1435309057","1503610699","1575162608","1651003856","1624751130","1633502039","1703509190","1823104980","1896029180","2071047234","2187725858","2285998182","2337498772","2379601100","2465464100","2572270500","2748886300","2910398500","3111370300","3336171000","3595100000","3969383100","4097204900","4067168600","4026744200","3948723400","4068731900","4265173400","4633896300","4788018000","4874110800","4817693800","","","","","","","","","","","","","","","","",
"Sri Lanka","LKA","GDP (constant LCU)","NY.GDP.MKTP.KN","","887220287787","921094531898","944276165582","981163689227","1006055356132","1056597458857","1124632027258","1189872990184","1281693343042","1330995341846","1348390191796","1342855320936","1437625978050","1492914641225","1584374073037","1637214638770","1720722249234","1818009077981","1934426324208","2047513400057","2164211933393","2253842677603","2362342460571","2482801764835","2606927114389","2720473047937","2767417821750","2835847348159","2901052026277","3086719219924","3228707910300","3370770775900","3603356091500","3805141104000","4014427108000","4166974021600","4433885362900","4642208054700","4841848092100","5132360583100","5053044665200","5253381498400","5565446495100","5868488467200","6234784731300","6712886223900","7169149428100","7595720138300","7864525993800","8494943831311.54","9231411543640.21","10028283731710.1","10434604349799.6","11100121213243.3","11566987369087","12151539521787.9","12936611759768.6","13235458391220.8","13206276338119.9","12595550102970.4","13125504912983.4","12160886222988.6","11877556035454.6","12472469478107.6","",
"Lower middle income","LMC","GDP (constant LCU)","NY.GDP.MKTP.KN","","","","","","","","","","","","","","","","","","","","","","","","","","","","","","","","","","","","","","","","","","","","","","","","","","","","","","","","","","","","","","","","","","",
"Low & middle income","LMY","GDP (constant LCU)","NY.GDP.MKTP.KN","","","","","","","","","","","","","","","","","","","","","","","","","","","","","","","","","","","","","","","","","","","","","","","","","","","","","","","","","","","","","","","","","","",
"Lesotho","LSO","GDP (constant LCU)","NY.GDP.MKTP.KN","1781493793","1814715003","2092943738","2315111180","2506133739","2560118505","2549736677","2827965512","2817583484","2861186622","2923476691","3072975036","3066745859","3876516456","4302161411","3720788934","4131903709","5033032034","5954926214","6127256942","5959077266","6000471289","6267924529","6392415875","6746229562","6922322974","7246623839","7299504499","7927401969","8386814288","8893836909","9513435600","10175224900","10532351500","11162172800","11529513000","12174824000","12625731200","12819871500","12880897300","13380102500","13856645800","13956945200","14593350800","14840324900","15354708700","16004227500","16674470800","17595471800","17374867200","18290465500","19134829100","20346845200","20711567600","21065849300","21723960500","22507958100","21801619000","21478817000","21174248700","19447285900","19888099400","20362983500","20734938800","21326822300","",
"Late-demographic dividend","LTE","GDP (constant LCU)","NY.GDP.MKTP.KN","","","","","","","","","","","","","","","","","","","","","","","","","","","","","","","","","","","","","","","","","","","","","","","","","","","","","","","","","","","","","","","","","","",
"Lithuania","LTU","GDP (constant LCU)","NY.GDP.MKTP.KN","","","","","","","","","","","","","","","","","","","","","","","","","","","","","","","31595773387.6213","29802503768.7657","23466798265.4896","19658873206.3032","17738977419.0831","18322604000","19243671000","20841017000","22396369000","22150679000","22907927000","24393306000","26032497000","28779419000","30650667000","33020407000","35462425000","39390927000","40414879000","34417872000","34564905000","36750664000","38361411000","39913864000","41419632000","42592970000","43731021000","45748002000","47998057000","50243095000","50264607000","53471497000","54828350000","55016007000","56541398000","",
"Luxembourg","LUX","GDP (constant LCU)","NY.GDP.MKTP.KN","8501403636.6235","8827005961.01722","8946936520.02288","9254631377.98581","9982584840.0091","9909219469.42404","10018805935.0391","10040519774.4521","10460602312.8018","11503823321.4743","11706283000","12018517000","12811522000","13876503000","14461046000","13510757000","13853164000","14070628000","14644002000","14987493000","15113521000","15030252000","15200289000","15654638000","16623181000","17087251000","18793231000","19535747000","21189113000","23265235000","24502930000","26621010000","27105420000","28244023000","29323205000","29743172000","30159004000","31793571000","33915637000","36688302000","39233784000","40439970000","41744328000","42837770000","44650617000","45759236000","48512439000","52441300000","52283884000","50590433000","52492843000","53041025000","53916150000","55626257000","57085382000","58381097000","61287419000","62094689000","63095218000","64829907000","64499241000","68968867000","68211991000","68279821000","68524681000","",
"Latvia","LVA","GDP (constant LCU)","NY.GDP.MKTP.KN","","","","","","","","","","","","","","","","","","","","","","","","","","","","","","","20950070065.03","18311362274.8469","12430014479.6705","11810629363.6439","12069271728.1414","11955246000","12230212000","13351903000","14226453000","14627412000","15481803000","16482017000","17745444000","19241231000","20920056000","23349987000","26344627000","29088298000","28102578000","23594919000","22731048000","23421241000","25132219000","25659013000","26196559000","27187671000","27881415000","28829090000","30071541000","30274636000","29224340000","31253252000","31849731000","31549832000","31535285000","",
"Macao SAR, China","MAC","GDP (constant LCU)","NY.GDP.MKTP.KN","","","","","","","","","","","","","","","","","","","","","","","53444000000","58801000000","63775000000","64242000000","68543000000","78340000000","84459000000","88703000000","95781000000","99286000000","112490000000","118324000000","123357000000","127423000000","126888000000","126534000000","120750000000","117902000000","124678000000","128279000000","139702000000","155968000000","197513000000","213468000000","242056000000","277110000000","286511000000","290231000000","363088000000","441596000000","482300000000","534300000000","523407000000","409545000000","406672000000","447008000000","475434000000","463734000000","211453000000","258950000000","209861000000","367904000000","396783000000","",
"St. Martin (French part)","MAF","GDP (constant LCU)","NY.GDP.MKTP.KN","","","","","","","","","","","","","","","","","","","","","","","","","","","","","","","","","","","","","","","","","","","","","","","","","","","","","","","582000000","587820000","617211000","567834100","522407400","556363900","486818400","510672500","","","","",
"Morocco","MAR","GDP (constant LCU)","NY.GDP.MKTP.KN","","","","","","","109012029568","119944673076","131809287449","142831398021","149563699370","157934620577","161783862133","167542252663","176918000800","190289855282","210865481254","223642174340","228635351288","239595643504","248322111726","243992777290","265848118060","269534287187","286834039007","304066030093","332256313352","331176466792","370504453730","381049761056","394050463392","422485492200","413622850300","410559593800","454029645300","429487309500","482627242900","475094868200","509484860500","518131131800","531510215000","572552504700","593909843200","630560626300","659385949700","680435195900","733446677300","758685074500","801812826200","831846885700","860957842400","908522708800","936344796600","974942922300","1001454000000","1044963000000","1050409195700","1103537823100","1137368334700","1170249366200","1086246439100","1174827000000","1196123000000","1239849000000","1286881000000","",
"Monaco","MCO","GDP (constant LCU)","NY.GDP.MKTP.KN","","","","","","","","","","","1694823041.03372","1783429406.90367","1866328727.61631","1988643386.68325","2077627443.43136","2057419659.91541","2148185377.85328","2224515475.75822","2312462836.34692","2394190011.90001","2434543065.43399","2456998763.97893","2516762543.32001","2546837184.97118","2584645381.07562","2628809208.52276","2693277197.14585","2760193666.72342","2887123973.40394","3007333979.52511","3086831475.02892","3118166800","3160780900","3131893900","3201284900","3269061000","3305371500","3379320900","3497707500","3613150700","3754433200","3836570200","3875952500","3918104900","4014901000","4091000000","4329000000","4954000000","4991000000","4425171000","4516560500","4833729500","4882657400","5350274300","5734800000","6016400000","6197400000","5998700000","6340500000","6792000000","5892800000","7202900000","8014400000","8450700000","9169900000","",
"Moldova","MDA","GDP (constant LCU)","NY.GDP.MKTP.KN","","","","","","","","","","","","","","","","","","","","","","","","","","","","","","","209594399487","176059295000","124826040300","123328127900","85219736100","84026660600","79088363100","80390999500","75131665900","72601040200","74131264000","78653271400","84788226300","90384249200","97072683400","104353134800","109362085100","112642947900","121429098000","114143351800","122247529900","129360094300","128597213900","140227373100","147238217100","146740205000","153557776000","159969753000","166489473000","172403702000","158135609000","180163899000","171876359600","173938876000","174118136300","",
"Madagascar","MDG","GDP (constant LCU)","NY.GDP.MKTP.KN","6888730396300","7029855183300","7189508094400","7122688689500","7404926571200","7371437504700","7523624695200","7939573222700","8481749695200","8797374445100","9261563999500","9625484656600","9502988666400","9254154967500","9439874695300","9558693608400","9265350837500","9484383764500","9231927871800","10141702079000","10238322844000","9234967205200","9059502828300","9141038353700","9301937260200","9409499666500","9593947020200","9706667576000","10037366869000","10446377590000","10773234826000","10093836760000","10213033359000","10427499214000","10423109101000","10598070610000","10826374721000","11226246072000","11665986506000","12214197698000","12758567260000","13521559663000","11843808447000","13002712327000","13686265385000","14337162966000","15111155920000","15974088180000","17046370021000","16368144629000","16469502686000","16729461772000","17233210645000","17629639326000","18218328791000","18788981153000","19539252614000","20307791521000","20956494783000","21880934414000","20319145168000","21264124285800","22147882084000","23078767791100","24048076038300","",
"Maldives","MDV","GDP (constant LCU)","NY.GDP.MKTP.KN","","","","","","","","","","","3032127340.39891","3190017074.76245","3267350821.81638","3318906653.85522","3509018781.73652","3228683948.79159","3248017385.30398","3613495800.42485","4144127643.78961","4586065978.37082","5437829482.46467","6077574127.81499","5894504731.07707","6852732835.80908","8699919544.75476","10041102933.8521","10981009320.087","11950539730.0302","12993862693.1918","14205775361.6329","16613980656.6638","16853669900","17977948800","18976941900","20447557400","23102833100","24918403200","27011036000","29035427500","30828555600","32014163400","30751641800","32986790000","37522490000","39745657200","35303162000","43645395200","46758787200","50956068500","46705976400","49875195400","54285871400","55582917200","59459804700","64133753500","66614533900","70861399000","75874438100","82376085000","88079030700","59093253300","81257874000","92492660400","97064445900","100456270000","",
"Middle East, North Africa, Afghanistan & Pakistan","MEA","GDP (constant LCU)","NY.GDP.MKTP.KN","","","","","","","","","","","","","","","","","","","","","","","","","","","","","","","","","","","","","","","","","","","","","","","","","","","","","","","","","","","","","","","","","","",
"Mexico","MEX","GDP (constant LCU)","NY.GDP.MKTP.KN","2869655502905","3013138278071","3153683542017","3409349100823","3815248502260","4086131145824","4335227392559","4589051699726","5021490836508","5193156527723","5530840701835","5738936795948","6211182846670","6699451375010","7086467106316","7493548149714","7824571453052","8089874479608","8814479871143","9669323125742","10516029243000","11524079102000","11518364730000","10985740806000","11371715290000","11589963045000","11134482144000","11364226954000","11502672925000","11919696435000","12545485659000","13044282247000","13509782270000","13897107654000","14507764337000","13650311996000","14499128959000","15542903296000","16504244133000","16958941075000","17811854384000","17731550484000","17689599763000","17899317905000","18537507526000","18929250871000","19838803936000","20251027288000","20442061681000","19155182679000","20107450900000","20799960569000","21539027006000","21722561391000","22266442955000","22868154259000","23273490747000","23709107314000","24176670374000","24081730885000","22069934759000","23404831113000","24273093495000","25087101736000","25445201973000","",
"Marshall Islands","MHL","GDP (constant LCU)","NY.GDP.MKTP.KN","","","","","","","","","","","45931280","46992252","47500634","63614160","73361848","73406056","73671297","75461688","79705581","81407557","75550102","80412894","84297825","97370735","101135112","94806793","118074749","129130978","139189050","136834516","140496545","140619900","150661400","159710500","169097800","182986300","164133300","153553800","152518700","150483000","154176500","164861000","170855000","168186800","167500000","170500000","170800000","177100000","163700000","169700000","179100000","178200000","175900000","182600000","180300000","183700000","188300000","195000000","205700000","227200000","220900000","225670074.462891","224089111.328125","212866912.841797","218192687.988281","",
"Middle income","MIC","GDP (constant LCU)","NY.GDP.MKTP.KN","","","","","","","","","","","","","","","","","","","","","","","","","","","","","","","","","","","","","","","","","","","","","","","","","","","","","","","","","","","","","","","","","","",
"North Macedonia","MKD","GDP (constant LCU)","NY.GDP.MKTP.KN","","","","","","","","","","","","","","","","","","","","","","","","","","","","","","","306727926240","287800458600","268905786700","248820483900","244445806300","241720901200","244585545000","248107531200","256490428800","267619620100","279794000000","271212000000","275263000000","281381000000","294533000000","308447000000","324292000000","345285000000","364179000000","362873000000","375061000000","383837000000","382086000000","393263000000","407535000000","423249000000","435304000000","440013000000","452688000000","470390000000","448336000000","468559000000","481486000000","493787800000","508570500000","",
"Mali","MLI","GDP (constant LCU)","NY.GDP.MKTP.KN","","","","","","","","1820323992063.83","1887829072594.64","1892189946793.94","2008312789742.56","2059906265451.67","2180287526066.93","2148561817747.63","2115714043852.05","2361666841057.83","2683407071519.28","2853767119267.17","2812002912906.54","3104329658884.85","2970041328835.69","3036851282408.94","2781477791148.51","2717466345701.61","2641089384244.04","2989495493918.14","2966695831390.77","2943805255804.99","3261903974510.25","3379168133002.78","3200493895727.9","3605587061512.74","3423173878122.67","3572021272883.31","3771757561017.88","3799242121782.63","4041090316761.09","4207637369962.8","4487582439803.83","4698762651224.61","4664178818738.39","5401400403267.2","5565401795422.12","6110651030348.05","6200925199707.52","6358328142394.23","6592925186202.57","6708963707426.56","6953083488348.8","7332355810477.7","7741265793309.12","7968501281484.64","7883047134196.65","8142453574569.58","8671927918686.62","9212959000000","9766203000000","10291189900392.2","10792149587949.7","11331756971954.1","11199276455187.5","11546559437866.2","11974150504176.7","12539978340130.6","13166007813335.2","",
"Malta","MLT","GDP (constant LCU)","NY.GDP.MKTP.KN","","","","","","","","","","","948269364.873301","971539834.514484","1028261507.24636","1070894652.17577","1178373965.45103","1408864865.98124","1648612662.0723","1849482428.18547","2055906087.70293","2271586531.90291","2431726822.39909","2512259829.05695","2569651206.64333","2553914916.61525","2577982268.50631","2644630319.89694","2747379232.80673","2860310653.21864","3100983950.37269","3354616701.73098","3565668753.58969","3788754572.0149","3966482479.16327","4144210608.21412","4378404263.48066","4656104229.35122","4831980915.0847","5085997229.57843","5346685152.99628","5599047406.42599","6701011002.3204","6650270740.65915","6832563649.15696","7084911437.24496","7113772140.71988","7318736650.46057","7489716203.9832","7866928396.81043","8213906873.66428","8099302359.80008","8601244507.89176","8686586220.34822","9042881662.09626","9611889957.67692","10345408229.9922","11340709246.2468","11803183772.9611","13334215165.6132","14292840535.235","14876711049.5546","14362381082.7449","16288621163.1303","16693083905.1946","18466142900.7829","19721822706.2919","",
"Myanmar","MMR","GDP (constant LCU)","NY.GDP.MKTP.KN","3439839672298","3456060617420","3597305409429","4077520317891","3837190502165","4247487833599","4041409123425","3801945170356","4260434672045","4400677152062","4619801415977","4810597479468","4927776003155","4880068985604","5140780604722","5354262273256","5679822634626","6017901956811","6410137794988","6743546848603","7278885883178","7741514006941","8175338885358","8534325592709","8955300663066","9210616306345","9113227969320","8748185613044","7755053136004","8041625414666","8268152636685","8214358637600","9007943098500","9551969735200","10266262054400","10979567222600","11686949485100","12347447131100","13071774698800","14502497430500","16496000656200","18367306487300","20576069396400","23424619803800","26602090215100","30211714541100","34162228962900","38258770525600","42182324282600","46632563331400","51125349410500","53984014313600","57942484177300","62824718488000","67957439847700","72709595081600","76972175400000","81695271400000","86816635400000","92528397400000","84156106763300","74043595507500","77033100815900","77771421970900","77015447652800","",
"Middle East, North Africa, Afghanistan & Pakistan (excluding high income)","MNA","GDP (constant LCU)","NY.GDP.MKTP.KN","","","","","","","","","","","","","","","","","","","","","","","","","","","","","","","","","","","","","","","","","","","","","","","","","","","","","","","","","","","","","","","","","","",
"Montenegro","MNE","GDP (constant LCU)","NY.GDP.MKTP.KN","","","","","","","","","","","","","","","","","","","","","","","","","","","","","","","","","","","","","","2307944906.01383","2421034341.33862","2193457158.66292","2261454331.88176","2286326682.01854","2329856895.56139","2387699302.79653","2493380084.91853","2597618445.17152","2820141300","3021430300","3229866700","3036254000","3120528200","3226931600","3146667200","3253217300","3330328600","3414354900","3531785000","3645391400","3817924900","3985681300","3388123300","3830146700","4126582700","4393917700","4532945600","",
"Mongolia","MNG","GDP (constant LCU)","NY.GDP.MKTP.KN","","","","","","","","","","","","","","","","","","","","","","4895038638400","5303389424500","5612791176400","5945821619900","6285498813900","6874763982800","7112537902200","7475844368900","7788199780100","7540187659500","6884678072500","6247400207900","6049433118000","6178551171600","6572521969700","6719424003600","6981260711500","7214430393100","7435940028200","7521160521400","7743238621100","8109724437600","8677780999400","9599830458900","10296170043000","11177134529000","12322569104000","13419323094000","13249085704000","14092411430000","16529098947000","18565454160000","20728128355000","22362588014000","22894780891000","23235863785000","24545640704000","26446671274000","27928278387000","26655376727000","27091663824000","28455108600000","30567078846700","32132738500000","",
"Northern Mariana Islands","MNP","GDP (constant LCU)","NY.GDP.MKTP.KN","","","","","","","","","","","","","","","","","","","","","","","","","","","","","","","","","","","","","","","","","","","1457000000","1462000000","1417000000","1237000000","1152000000","1075000000","956000000","788000000","799000000","740000000","746000000","766000000","798000000","825000000","1066000000","1313000000","1057000000","936000000","664000000","697000000","813000000","","","",
"Mozambique","MOZ","GDP (constant LCU)","NY.GDP.MKTP.KN","","","","","","","","","","","","","","","","","","","","","150037635791","157539522013","146669295873","123642213433","115605469709","116761520615","114076010280","130845184274","141574483078","150776830925","152284588430","159785291600","147678923700","163835640400","174386956600","178089006500","197137248100","220428907400","243285693300","272034730900","274119156100","309348078400","339257413900","363743999200","393588121100","418431496900","459900893400","495080340500","529132112000","560504206100","597944370100","640602070800","691815023600","737277052200","794066321800","852772389000","892827024900","916381653300","948316931000","970297153100","958464161000","981251030400","1024077248300","1080211944000","1103420833900","",
"Mauritania","MRT","GDP (constant LCU)","NY.GDP.MKTP.KN","","48892791213.6317","49248050331.1411","48271083477.2532","61637774343.7858","71585082081.4939","71750416394.9437","74309849101.8685","81886810230.018","82909193332.5206","92846632162.6356","94557690154.7773","93864669403.9484","89561202465.6264","100454183181.335","95296489269.0354","103440627236.779","101497398148.525","100985126739.918","105822354540.898","109389848571.193","113164113848.729","110516159450.86","114644316001.588","110944899321.725","114267433348.29","120796193829.343","123091785552.88","125209454140.426","131191442765.914","128867642792.934","131171908700","133630235200","141479190700","137148891600","150616639000","159380760100","152934292000","157182508100","162956101900","156571439700","155319660700","157465376900","168375002700","176343783900","191449899100","226548789500","222087086100","221351801900","221568452000","227374053900","236861880400","247449637700","257720809900","268737919100","283186181300","286756902000","304738124500","319280757000","329309381200","328121702600","330558713300","353023500000","377062600000","400846208600","",
"Mauritius","MUS","GDP (constant LCU)","NY.GDP.MKTP.KN","35483163992","43590745840","43942299496","50047873555","46599828813","48089615972","46373680108","48406762235","45071702964","47295076951","47104788509","49117841533","53217394462","59593735737","64845032155","65432586688","80974425210","86276322104","89581400702","92731553722","83401592394","88307568384","93161902468","93519453480","97913358135","104722718600","114924840741","125142854102","133641739254","139609041513","149642375835","156279683000","166457707700","174917193200","182152018200","189962216900","200577009100","211984781200","224856370300","230727218000","249653291200","258010536800","262177197100","277712364000","289737364500","294887570800","309235457100","326945421700","344557849100","355980207100","371562184200","386712773700","400232710000","413682154400","429513645600","445365091100","462567176400","480782996900","500046724300","514504500200","439661906800","454627112900","494148151300","518894690500","544450892500","",
"Malawi","MWI","GDP (constant LCU)","NY.GDP.MKTP.KN","627783875281.234","675744038756.407","680260473668.186","670797516353.031","688648130982.346","782417858426.704","886080684681.814","950601092276.509","932320280702.595","987162714965.336","991894165892.914","1152765152374.55","1224597972291.42","1252771827235.08","1342670277776.06","1424396251883.67","1495583748379.13","1569137026266.39","1722050496969.46","1797754484225.71","1805066786096.87","1709576600087.12","1752375059588.12","1817540791286.21","1914966503496.15","2002499277928.34","1998197861394.36","2030673358191.01","2095193768164.7","2123367618963.37","2244235959998.4","2440162960600","2261226339300","2480380791600","2226385291400","2598833219200","2788981575900","2894751445700","3007509352800","3099006152300","3147848894900","2991244557600","3042095716000","3215666727900","3389971864100","3500780756600","3665317443900","4017187914000","4324090481300","4684205486700","5006200856600","5253140224300","5352949888600","5642563212800","5959972628500","6126851862100","6280023158600","6531224085000","6815565152300","7205199097900","7262379300700","7593419764100","7663363897800","7812474016700","7943210619800","",
"Malaysia","MYS","GDP (constant LCU)","NY.GDP.MKTP.KN","39348061579","42337724937","45056242791","48362831926","50954578151","54870367916","59159426015","61441291740","66343074703","69586278236","73752087664","81152859332","88771850889","99159117610","107407829420","108268239270","120787826050","130152576720","138812788890","151790535240","163086523940","174408160370","184773503240","196325969140","211564378820","209395314490","211993062140","222999598010","245160672940","267371251390","291457463130","319278440300","347646706400","382046151000","417240402100","458251316700","504088824300","541001947600","501187368100","531948304200","579072903200","582070620700","613449979800","648959527500","692981292900","729932019800","770697606800","819242199200","858826097100","845827517500","908628919800","956730942800","1009097172700","1056461394000","1119920092400","1176941187000","1229312497000","1300769020000","1363766395000","1423951962000","1346249088000","1390881951000","1516502754000","1570142424000","1650305405000","",
"North America","NAC","GDP (constant LCU)","NY.GDP.MKTP.KN","","","","","","","","","","","","","","","","","","","","","","","","","","","","","","","","","","","","","","","","","","","","","","","","","","","","","","","","","","","","","","","","","","",
"Namibia","NAM","GDP (constant LCU)","NY.GDP.MKTP.KN","","","","","","","","","","","","","","","","","","","","","44799961288","45235170288","45055093262","44233535995","44128750497","44333583475","46447084952","48097707124","48488813121","49390062550","50401304295","54516879500","58436284700","57513260700","58508170800","60789412700","62729400000","65376643600","67528571800","69803797400","72241474000","73092441500","76592590900","79839959200","89635961400","91903090300","98403557000","103691807600","106439445600","106754475400","113201644500","118965123000","124986759300","132004415400","140046809700","146018650100","146067996300","144567515600","146099843800","144873843800","133137031300","137935062500","145381796900","151840828100","157476468800","",
"New Caledonia","NCL","GDP (constant LCU)","NY.GDP.MKTP.KN","","","","","","76382126080","73442500608","77408976896","88449474560","102350471170","134078390270","143462825980","148338409470","131725533180","148456144900","158105010180","161741422590","164814225410","180966031360","156354641920","155729231870","144828186620","148304052220","145337974780","147954057220","154611990530","153065865220","161790623740","217770180610","241724899330","250426998780","262697992200","264064008200","265463005200","272338993200","288516014100","289813987300","295630995500","286169989100","288746012700","294809993200","","","","","","","","","","","","","","","","","969083000000","972959332000","959337901352","936313791719.552","916651202093.441","948733994166.712","975298546003.38","843633242292.924","",
"Niger","NER","GDP (constant LCU)","NY.GDP.MKTP.KN","1538439464800","1608382969500","1773704046900","1940932931900","1943476328300","2077960261200","2070012121400","2072555517800","2080503657600","1966368354300","2026456224000","2141545170600","2030907115600","1684686527800","1832521781000","1781335902900","1793416983600","1932668300100","2193049207800","2349786348500","2292098244700","2288025963800","2337778178200","2247455128100","1869436881300","2013722402400","2141636814300","2143527480400","2290812471800","2312736600300","2282474944100","2272443715500","2317909686800","2325365370200","2368495753900","2426695476600","2429135045800","2466239493600","2712188062200","2706233113800","2673528889000","2867844575300","3008898666900","3074210133800","3085394158800","3311611211800","3508024527700","3618272059400","3898015660200","3974518150900","4315458945100","4417206977700","4883175693600","5142722860800","5484309541000","5725216000000","6053894533200","6356913796200","6815337423700","7220158418900","7476520330800","7579965194100","8481981052200","8623429457600","9511642691800","",
"Nigeria","NGA","GDP (constant LCU)","NY.GDP.MKTP.KN","26393626041834.5","26444247826117.3","27529253354555.1","29890883090069","31370627869622.6","32903075773774.5","31504525870986.9","26544570449101","26213198584192.8","32556106890053.7","40697491302840.1","46491809469684.4","48055915765074.4","50647456200658","56300053952781.1","53356829258620.3","58181541430187.2","61686466052621.6","58130760441747.4","62060069045909.1","64669590095248.7","56179843597371.8","52357710401588.2","46638109595495.3","46117804016799.6","48844762431853.3","48874531006253","50438577319875.3","54137755436091.3","55176865387949.3","61674981886758.9","61895995788923.6","64762518779804.3","63444524601606.8","62293054390057.5","62247789289135.3","64859659248395.7","66764651923507.2","68488017239921.6","68888074167046.9","72343455024212.1","76624512556883.5","88370403422476.5","94863149255929.5","103638520115883","110311303360207","116995537398512","124706865784634","133142627772686","143843201044267","155358792778844","163605119742077","170525716392488","181902058864452","193379567006914","198509333815638","195299698036177","196873592169798","200658993617714","205090405580000","192028406010000","194158485980000","202543859940000","209282181360000","217783985540000","",
"Nicaragua","NIC","GDP (constant LCU)","NY.GDP.MKTP.KN","39751418068","42731877392","47385719981","52534405551","58680131968","64269505977","66391130032","71018269018","71972016001","76461417256","77496572254","80057645263","81835503718","87086899427","99446642396","99294243505","104466931940","113209226800","104334981510","76708342041","80245925412","84549747257","83859515318","87728132229","86354227290","82829375979","81986745149","81407629363","71272524383","70033653725","69996886252","69864395100","70134313800","69858730800","72190423900","76458255300","81308972200","84534215300","87671856100","93840422000","97689371600","100581801000","101340126300","103894640200","109413700700","114099231200","118837710200","124870330700","129160521800","124907698300","130416251600","138654236100","147661404500","154936820900","162351260700","170131567700","177894921900","186133605000","179873268000","174662573500","170756172100","188607687400","195303825100","203951378200","211268807400","",
"Netherlands","NLD","GDP (constant LCU)","NY.GDP.MKTP.KN","164098384320.179","164583371635.019","175846646722.057","182220422139.761","197298987013.768","214351725768.642","220227330214.879","231855365727.098","246731516770.851","262594994000","278718803000","290751039000","301025816000","317414333000","328329316000","328335977000","342967645000","351611940000","361092265000","368365264000","373308409000","370383121000","365787568000","373359217000","384790278000","394718559000","405719270000","413554717000","427786040000","446694688000","465380922000","476732189000","484865578000","490963016000","505500885000","521252474000","539082318000","561985120000","588104978000","617765002000","643833164000","658793115000","660412334000","661058431000","674387418000","688104211000","712445038000","740125711000","755792810000","728090808000","737696658000","750778566000","743436876000","743212116000","755197229000","771211981000","789908363000","811880029000","830218291000","849314072000","816463000000","867711000000","911159325000","905709716000","915500491000","",
"Norway","NOR","GDP (constant LCU)","NY.GDP.MKTP.KN","587976699834.822","624862450938.48","642445737498.635","666762585452.099","700165063892.639","737173050128.14","765086205382.773","812950602858.247","831322274588.535","868770113002.533","885652927000","935901431000","985790638000","1030475876000","1070893013000","1123924738000","1189399355000","1238886870000","1286823794000","1343090248000","1404392150000","1426839167000","1430196840000","1487018666000","1577018706000","1664596941000","1731881817000","1762251373000","1757754338000","1776004264000","1810321840000","1866160106000","1932865233000","1987858780000","2088350488000","2175134879000","2284498770000","2405225543000","2469413475000","2520580887000","2604237598000","2658070586000","2694687024000","2720149374000","2829352165000","2905323748000","2976837511000","3063583747000","3078347756000","3018616582000","3042374660000","3076012859000","3159617635000","3191725380000","3257096129000","3317591469000","3356232261000","3438921308000","3467427610000","3506392722000","3461575000000","3596877124000","3713639978000","3716318273000","3794258037000","",
"Nepal","NPL","GDP (constant LCU)","NY.GDP.MKTP.KN","253199487087","258031206740","262960428568","267943822271","288126552833","284659845791","304701729710","299913349646","301939214727","315416034866","323541127091","319673570481","329640354225","328069498384","348848076548","353928946603","369496639366","380644254845","397414456327","406828719138","397392757402","430543158440","446814997443","433511501538","475480313635","504698128330","527740881180","536689351957","577997304749","603022553106","630972867623","671154168800","698714488000","725613947900","785230409400","812465748400","855756232300","898960048800","926076185100","966939975400","1026890253700","1076179878300","1077472835000","1119979545200","1172423743800","1213214488500","1254034482500","1296816624800","1375982600100","1438356974600","1507634210600","1559222569200","1632040476100","1689572402700","1791140757800","1862357468500","1870423594200","2038336745400","2193706438400","2339742692000","2284299666500","2394817502000","2529677208600","2579829284542.13","2674389684313.8","",
"Nauru","NRU","GDP (constant LCU)","NY.GDP.MKTP.KN","","","","","","","","","","","344343327.555907","354323730.151812","364593404.949979","375160735.522057","386034346.282919","397223117.804391","386034346.282919","375160735.522057","364593404.949979","354323730.151812","344343327.555907","334644046.080897","325217969.920008","316057401.835174","307154863.157031","298503088.216298","290095010.42219","281923766.438904","273982687.832663","266265287.15015","258765267.663604","209615943.038763","175531751.49091","147240727.756818","141548210.365861","130332650.208908","114875848.322625","104590310.00722","92261229.9552852","86201318.6297038","80291189.4550551","74862630.7816122","67397790.7282258","67589643.1645797","64673267.3267327","64673267.3267327","70138613.8613861","54653465.3465347","65584158.4158416","61940594.0594059","61940594.0594059","71049504.950495","88356435.6435644","92000000","106574257.425743","110217821.782178","114772277.227723","107485148.514851","106574257.425743","115683168.316832","117504950.495049","126613861.386139","130257425.742574","131168316.831683","132990099.009901","",
"New Zealand","NZL","GDP (constant LCU)","NY.GDP.MKTP.KN","68643769303.0242","70919756202.9642","73104704144.6516","77565638986.279","82299690702.6647","87329627123.135","92786385917.653","88528025216.3731","88484780578.6362","97505513639.034","96142769170.2658","99782213264.3017","104890173290.712","113071898116.791","119848795447.272","117773393866.726","118867287716.329","114188270000","114552032000","117062754000","118566135000","124086164000","125239773000","129612551000","135824491000","138018511000","141752798000","143128989000","142622774000","142852988000","143071754000","141511137000","143059035000","152202694000","159994328000","167549390000","173601071000","177210711000","178731899000","188343616000","193749174000","200357945000","209801772000","219721288000","228703417000","236371677000","242942291000","250367619000","247821284000","247728435000","251341892000","256603725000","262675756000","269477855000","279789115000","290114366000","301078109000","311250732000","322052944000","329516429000","328504000000","343402989000","355409686000","360364992000","365008727529.703","",
"OECD members","OED","GDP (constant LCU)","NY.GDP.MKTP.KN","","","","","","","","","","","","","","","","","","","","","","","","","","","","","","","","","","","","","","","","","","","","","","","","","","","","","","","","","","","","","","","","","","",
"Oman","OMN","GDP (constant LCU)","NY.GDP.MKTP.KN","523230501.09192","529193269.389841","636025705.238852","664845579.040528","665342480.950573","668323870","703106543","1168697253","2125717684","2671307973","3042488792","3069817190","3371433610","2890934942","3223357956","4010937210","4834788643","4883485521","4703112465","4906839141","5202988675","6089946233","6794543110","7926967238","9251689818","10547592247","10758771897","10388585777","11008163905","12302378526","12286333058","13032614500","14129163600","14982983400","15563690000","16341379500","16839128100","17855119000","17843000000","17896100000","19004300000","19881000000","19725100000","19292200000","19676600000","20223500000","21167900000","22222200000","24211100000","25659400000","26293700000","27054800000","29452700000","30992400000","31392900000","32967900000","34631600000","34736900000","35184000000","34786900000","33611200000","34479100000","37232500000","37758972746.9816","38375060308.9677","",
"Other small states","OSS","GDP (constant LCU)","NY.GDP.MKTP.KN","","","","","","","","","","","","","","","","","","","","","","","","","","","","","","","","","","","","","","","","","","","","","","","","","","","","","","","","","","","","","","","","","","",
"Pakistan","PAK","GDP (constant LCU)","NY.GDP.MKTP.KN","1936984531450","2052958505436","2144989732916","2331364276893","2507842897907","2769144223682","2929476339545","3087686007771","3311025158183","3493393100762","3890014149123","3908233907530","3940023732440","4218357404926","4367695344191","4551637148651","4786328189478","4975277985444","5375714906760","5577757687878","6147564905188","6634498986763","7068228482268","7547339750640","7929628026700","8531654481672","9001036563051","9581814317875","10312454371756","10823928275936","11306522514923","11878809813200","12794178759300","13019068141900","13505644820100","14175877185200","14862922596100","15013691490000","15396575799800","15960110911400","16640025682900","17247611289100","17695155184500","18650925525500","20111527169500","21574957414300","22880595665700","23897595662900","24404330089700","25251782799600","25630993246400","26317933816300","27114731346200","28298795072700","29463694645300","30706456224700","32725049000000","34175628000000","36278011000000","37184104000000","36710346000000","39101616000000","40969933000000","40799934000000","42043917000000","",
"Panama","PAN","GDP (constant LCU)","NY.GDP.MKTP.KN","3008347430.58308","3337057365.75127","3612188963.08904","3920626149.68238","4094393411.88961","4469441333.12984","4808287642.51258","5219537175.46455","5583724568.55703","6055068489.50138","6476454396.66789","7099239161.65412","7424583981.73218","7822861698.84923","8014390352.16678","8153914431.81528","8289633186.83827","8380323920.13795","9200979200.826","9616380508.65218","10874634059.3026","11875840895.9166","12511015072.9257","11949099802.5639","12272857527.831","12879410822.577","13338920925.7652","13097612445.5987","11345172361.119","11522411976.5989","12455611316.6753","13628806066.2073","14746597149.5065","15551133791.3046","15994363980.1727","16274533862.1242","16938486470.363","18244281177.3963","19774515158.7331","20805092865.4095","21680780417.4979","21886727858.1934","22435831736.1774","23579354700.1823","25507121040.3262","27618137112.7929","30340522823.3886","34331231606.837","37832135793.0245","38441938436.8754","40776668592.2292","45632711990.9614","50025907129.1903","53189722455.2292","55650180001.2365","58581228939.1847","61259543372.8503","64778327975.168","67316471181.2488","69405347011.916","57036460526.1501","66428725696.9555","73761492154.0474","79047483697.1557","81219618004.5842","",
"Peru","PER","GDP (constant LCU)","NY.GDP.MKTP.KN","69946000000","75085000000","82620000000","86196000000","91840000000","97003000000","104995000000","109040000000","109206000000","113044000000","116849000000","122213000000","126463000000","134401000000","147017000000","153340000000","155559000000","156102000000","151977000000","158194000000","167596000000","176901000000","176507000000","158136000000","163842000000","167219000000","182981000000","200778000000","181822000000","159436000000","151492000000","154854000000","154017000000","162093000000","182044000000","195536000000","201009000000","214028000000","213190000000","216377000000","222207000000","223580000000","235773000000","245593000000","257770000000","273971000000","294598000000","319693000000","348870000000","352693000000","382081000000","406256000000","431199000000","456435000000","467308000000","482506000000","501581000000","514215000000","534626000000","546605000000","486843000000","551898000000","567401000000","565113000000","583784000000","",
"Philippines","PHL","GDP (constant LCU)","NY.GDP.MKTP.KN","1533325334500","1620655433500","1699197163600","1818417342600","1880288891500","1980792012400","2068762125900","2176807108700","2286478120600","2393701904800","2482089048100","2615849035800","2757899774700","3000098784500","3101940329200","3271030287500","3558174519200","3756114709200","3951146628300","4172235846200","4389221778100","4539430109300","4707316669300","4796612197100","4458960523700","4153148191400","4298952101700","4486464210300","4786919627500","5082938821700","5239629180400","5216763958400","5238550681000","5352850093700","5586965873900","5845375622800","6187934968700","6508866750300","6475405278200","6692101554800","6985383240100","7198383735400","7465894031000","7845677425800","8361077904200","8774324607600","9240804277000","9843239249400","10270877529000","10419633017000","11183860996500","11615360392900","12416466190200","13254643626900","14096046745200","14990907450400","16062675895000","17175978086100","18265190258200","19382750611400","17537843279400","18540084219900","19945604691100","21046392577100","22244356637000","",
"Palau","PLW","GDP (constant LCU)","NY.GDP.MKTP.KN","","","","","","","","","","","150652737.640654","150843071.724225","151357901.148204","151663681.272381","151823739.019775","151862099.777441","151799040.453583","153969925.047599","153217635.864594","152644376.79128","152073265.828409","151504288.341651","150937435.968531","153853560.18019","160964667.078316","169715521.277376","178942116.607533","188670315.064139","198927388.764682","209742088.939189","221144731.645589","231992378.138322","217144774.038631","190435881.964095","204337759.873566","226610552.427988","250178148.117188","255932223.539463","261050830.379262","246954063.554362","240523620.605469","258192230.224609","270365936.279297","264613189.697266","273801910.400391","281700622.558594","282343170.166016","286077423.095703","271215972.900391","253487884.521484","246787536.621094","259353973.388672","263646667.480469","256917663.574219","270195587.158203","291595367.431641","295464416.503906","286631500.244141","283066070.556641","282041290.283203","262658477.783203","227829879.760742","231276214.599609","236401290.893555","","",
"Papua New Guinea","PNG","GDP (constant LCU)","NY.GDP.MKTP.KN","6961486091","7391783324","7862942934","8183162997","8884483104","9796788011","10366349556","10788307821","11258633837","12190112173","13511862360","14362460115","15173013217","16163699433","16585658075","16439723496","15882671913","16015262936","17384545389","17703099019","17295316772","17247784127","17308659196","17866545506","17803168143","18515328756","19384263701","19921303725","20500862358","20209836240","19601081773","21472377000","24446104800","28895854700","30612877900","29598842000","31887926400","30642897500","29487932000","30035096500","29285768300","29250248000","29203769200","29835768700","30647652400","32592183400","34355402300","37040342000","36930533000","39441964900","43436826200","43917908000","45963217500","47721285900","54184547400","57749000000","60919173600","63072429300","62896298100","65714375900","63632917700","63307528600","66920859000","69471136800","72110898000","",
"Poland","POL","GDP (constant LCU)","NY.GDP.MKTP.KN","","","","","","","","","","","","","","","","","","","","","","","","","","","","","","","734288677110.873","682774076400","699945698400","726111840500","764543503000","825169200000","875454000000","931123300000","974156200000","1019933600000","1067425100000","1080594400000","1101138600000","1139935800000","1197967600000","1237031200000","1313753200000","1402568800000","1464054200000","1502341100000","1549949200000","1631406200000","1656069500000","1667401000000","1732771600000","1809564000000","1864415100000","1960478300000","2082927000000","2178334600000","2133993100000","2281818700000","2401738700000","2407733700000","2480649900000","",
"Pre-demographic dividend","PRE","GDP (constant LCU)","NY.GDP.MKTP.KN","","","","","","","","","","","","","","","","","","","","","","","","","","","","","","","","","","","","","","","","","","","","","","","","","","","","","","","","","","","","","","","","","","",
"Puerto Rico (US)","PRI","GDP (constant LCU)","NY.GDP.MKTP.KN","15521241105","16614206311","17997058627","19553992629","20934685133","22861689920","24576121973","26105548935","27457929824","30032175007","32554252421","34626476618","37110432880","39465051195","40616396110","40350534428","42869653725","45420690594","48569228441","52409512186","54633491652","55260655304","54400444066","53126399466","56276097154","58019216986","60907046607","64420773458","68214108719","71171157861","69149512136","70742987400","73971734000","77407371200","80647611700","84316261900","86267093600","90477003000","95481037800","100627179200","103919664800","110480603300","111493113200","111552672600","121312055500","118901659300","117225842600","115862732700","113726068400","111505652000","111044850300","110646742700","110679134700","110339541600","109026100000","107882100000","106518800000","103445500000","98933800000","100591400000","96385800000","96757100000","99618300000","100347000000","103535100000","",
"Korea, Dem. People's Rep.","PRK","GDP (constant LCU)","NY.GDP.MKTP.KN","","","","","","","","","","","","","","","","","","","","","","","","","","","","","","","","","","","","","","","","","","","","","","","","","","","","","","","","","","","","","","","","","","",
"Portugal","PRT","GDP (constant LCU)","NY.GDP.MKTP.KN","35558789422.04","37526934093.6686","40009133548.5163","42359150872.414","45032329877.3758","48395789430.6835","50369325893.527","54169430885.5142","58977243725.6369","60227998409.3605","65717083000","70075211000","75692227000","84170265000","85132213000","81430979000","87049904000","91926960000","94515592000","99845267000","104427506000","106117251000","108383252000","108195627000","106161571000","109141993000","113661515000","120914704000","129970136000","138341044000","143806239000","150087992000","151723166000","148623041000","150057013000","156483625000","161967197000","169095159000","177225192000","184148632000","191176070000","194891906000","196394376000","194566885000","198047172000","199595599000","202839098000","207923421000","208587211000","202074955000","205586259000","202063482000","193878087000","191970120000","193393370000","196467934000","200405429000","207048308000","213148538000","219000924000","201032705000","212207624000","227032112000","234070060000","239078391000","",
"Paraguay","PRY","GDP (constant LCU)","NY.GDP.MKTP.KN","14551895743000","15556018097000","16069406909000","16826322791000","17535127829000","18616690087000","18987442091000","20724862765000","21663092606000","22681507389000","23941108057000","25267002998000","26942533130000","28910095917000","31333202960000","33480293370000","36000003352000","40137873114000","44965949477000","50299876491000","56191071435000","61344050518000","60486695199000","58646316193000","60298148010000","63025515056000","66154628306000","71170673583000","75380683727000","80608487853000","83932203832000","86864501401200","88338095134800","92698781010800","97628425857000","104289428155600","105930719669900","110424847509600","110499978097700","108990460314700","106468267857100","105580264247200","105557665430400","110118543494100","114586513499600","117031206068000","122657033295700","129307035067200","137707197796529","137347592899580","152586625973568","159127055175127","158000367021147","171103458311709","180174060966246","185502081243604","193419357992100","202722981633364","209218733463235","208377977311189","206669725095244","214971105067665","215349536688719","226115350833662","235725163034561","",
"West Bank and Gaza","PSE","GDP (constant LCU)","NY.GDP.MKTP.KN","","","","","","","","","","","","","","","","","","","","","","","","","","","","","","","","","","","5057700000","5417700000","5483500000","6287800000","7189100000","7784400000","7118400000","6455600000","5649400000","6441200000","7853400000","8740100000","8653000000","8980800000","9648000000","10477100000","11082400000","12146400000","12886900000","13492400000","13471100000","13972400000","15211000000","15426900000","15616200000","15829000000","14037400000","15021700000","15635000000","14922700000","10959600000","",
"Pacific island small states","PSS","GDP (constant LCU)","NY.GDP.MKTP.KN","","","","","","","","","","","","","","","","","","","","","","","","","","","","","","","","","","","","","","","","","","","","","","","","","","","","","","","","","","","","","","","","","","",
"Post-demographic dividend","PST","GDP (constant LCU)","NY.GDP.MKTP.KN","","","","","","","","","","","","","","","","","","","","","","","","","","","","","","","","","","","","","","","","","","","","","","","","","","","","","","","","","","","","","","","","","","",
"French Polynesia","PYF","GDP (constant LCU)","NY.GDP.MKTP.KN","","","","","","210789755397","230976201235","220029854213","252882076400","246089812991","250092983882","280110165807","266958772985","287788394410","339593324046","322944074010","349437166788","356701939987","391988890925","407378077567","409353459000","420185045174","427322264471","437661990539","447992093458","442747054820","502729516097","509113327934","490792212074","501382923602","502034135824","520386128300","512802081800","506147538400","497713474600","495777521400","492463067400","491858250600","500383995600","509843919100","526390449800","524592323300","529031326400","540283446300","545530998600","547222000000","552090000000","561503000000","561541000000","537780000000","524518000000","508982000000","504261000000","506272000000","509277000000","518461000000","530397000000","553165000000","563160000000","578306000000","517157000000","534564000000","550266000000","565524000000","571894000000","",
"Qatar","QAT","GDP (constant LCU)","NY.GDP.MKTP.KN","","","","","","","","","","","35393550828","38935684893","43249521070","47913936598","50759187317","53743387170","58230375343","53976394178","58760519729","61832364420","61203886801","61755316746","57509951116","56460299378","59090072010","57837261873","60923334723","60950744983","64549550941","68565960277","70907118992","69728477800","77629082300","76600391300","77687127500","79551025200","83030515900","107949667400","120060165400","125203620200","135255123900","140527621100","150620528000","156223549400","186248021100","200203135500","252596787900","298027979300","350670319400","392598430500","469517000000","532316000000","557495000000","588470000000","619861000000","649325000000","669221000000","659199000000","667339000000","671932000000","648028000000","658571000000","686132000000","696697000000","713137000000","",
"Romania","ROU","GDP (constant LCU)","NY.GDP.MKTP.KN","","","","","","","","","","","","","","","","","","","","","","","","","","","","","","","247626299950","215637412700","196731988100","199739694600","207593345000","220533700000","229151500000","218039800000","213614000000","212809400000","218047200000","229425200000","242509300000","248186800000","274068000000","286861900000","309893500000","332310600000","363240300000","343201400000","329796600000","344622900000","351183200000","352162200000","366657200000","378232700000","389049900000","420934400000","443641800000","461211300000","444616800000","469459100000","489118700000","500161700000","504743200000","",
"Russian Federation","RUS","GDP (constant LCU)","NY.GDP.MKTP.KN","","","","","","","","","","","","","","","","","","","","","","","","","","","","","","75042763368000","72791483737000","69117741627000","59074191601000","53953321470000","47171520618000","45216955262000","43519027194000","44128256934000","41789476250000","44463967080000","48910393496000","51404848619000","53820872345000","57749770378000","61907723740000","65869796669000","71271164955000","77329198132000","81350292667000","75004974791000","78380198656000","81750570074000","85040283448000","86533099419000","87170214266000","85450590690000","85616100000000","87179270247000","89626606310000","91596666976000","89166007900000","94396924417700","93041495840600","96839937994300","101047027813200","",
"Rwanda","RWA","GDP (constant LCU)","NY.GDP.MKTP.KN","829069926919.632","793440430860.564","883367369467.905","796616767984.602","697318546146.583","746197293639.199","798497596512.64","853721830104.222","913600008998.653","1014163343672.2","1075027598619.86","1087999319175.12","1090861500126.31","1128366279993.33","1144274253806.93","1120086293704.5","1338554389258.33","1365246629246.42","1490178175031.18","1667060954008.99","1816289787909.87","1915026923893.23","1949705120907.61","2066304309828.73","1978677028822.89","2065793198718.84","2178836242764.06","2178312535312.97","2276311004082.93","2275479370402.09","2220883996440.22","2165042541100","2292189540900","2106322953700","1047936382500","1417062314500","1597676765900","1818951043500","1980085904700","2066257031900","2239221257800","2429209336600","2749672420800","2810230862800","3019527509800","3302695755000","3607437994700","3882804493900","4316173906600","4585859566700","4922216611200","5313945741700","5773150796500","6045634771800","6418479113100","6986954539700","7404127796300","7694234179700","8349511111900","9138321587800","8830023178000","9788825242000","10587711553300","11461187488500","12480162160900","",
"South Asia","SAS","GDP (constant LCU)","NY.GDP.MKTP.KN","","","","","","","","","","","","","","","","","","","","","","","","","","","","","","","","","","","","","","","","","","","","","","","","","","","","","","","","","","","","","","","","","","",
"Saudi Arabia","SAU","GDP (constant LCU)","NY.GDP.MKTP.KN","206608227124.058","231146778575.144","258705622083.389","281202945579.292","305883521736.487","343007882808.83","371069856550.152","404129892496.369","435086753589.073","461356798128.068","703994000000","811206000000","963592000000","1180353000000","1370386000000","1295177000000","1492349000000","1580269000000","1582993000000","1756551000000","1858389000000","1913820000000","1605521000000","1429019000000","1371751000000","1272823000000","1285655000000","1245375000000","1327574000000","1333086000000","1458744000000","1578664000000","1650976000000","1657247000000","1673040000000","1678255000000","1733716000000","1779613000000","1829510000000","1817922000000","1903694000000","1910254000000","1897104000000","2063456000000","2241553000000","2374811000000","2453500000000","2507812000000","2664249000000","2635829000000","2768662000000","3094224000000","3272500000000","3368896000000","3504483000000","3667621000000","3730119000000","3774213000000","3896005000000","3960351000000","3809668000000","4058043000000","4545032000000","4569693000000","4660927000000","",
"Sudan","SDN","GDP (constant LCU)","NY.GDP.MKTP.KN","3904635610","3905509910","4175608811","4056730410","4011276810","4283124011","4129996010","4188810511","4271046111","4330385911","4586964512","4690048012","4452216311","4480363011","4993153513","5777751015","6740625917","7160152618","6735484917","6397457916","6494975016","6978042918","7393841219","7546339319","7168350218","6718103017","7081808418","8088904220","8062122520","8782182422","8301792321","8925332500","9512428500","9947027500","10047117400","10649652300","11280018400","13345689500","13920689100","14352800600","15263610300","16255800000","17232200000","18315900000","19257500000","20344300000","21673070000","22916080000","23797603100","23138955800","24031712700","23259445900","19304249600","19681675600","20599113200","20992592700","21720540700","21874595000","21288152300","20824442900","20068557100","19693572000","19504943700","13764000600","11841949100","",
"Senegal","SEN","GDP (constant LCU)","NY.GDP.MKTP.KN","2249376716600","2316710644700","2313554465600","2356690192800","2448222321900","2480837282400","2552205041200","2521073426200","2679668446000","2504039146200","2718436117600","2714618089300","2887897833200","2726659563100","2841200410700","3055303687400","3327852166000","3238569043700","3110518249900","3328306958700","3461031917900","3640321320200","3931925050300","3709871144800","3855885827900","3989418411000","4114166948200","4371543612800","4335846659200","4508143810300","4474500334400","4593520372400","4654165545900","4717472111000","4715230323500","4973086695000","5073541912800","5228061757800","5536437899300","5884309358600","6113044876800","6376569161500","6380949646100","6737896839100","7050757194500","7354661647500","7526081967100","7738853275500","8025436095900","8246304482600","8525927535100","8639671173800","8985516826500","9202282111400","9775039000000","10397420000000","11058287144900","11877428237600","12614926385500","13196932173700","13374044739200","14249242374000","14797899753200","15427910099900","16362926523300","",
"Singapore","SGP","GDP (constant LCU)","NY.GDP.MKTP.KN","8175700000","8841000000","9508800000","10463500000","10138800000","10933100000","12046100000","13552900000","15386200000","17514700000","19956600000","22433900000","25421100000","28116500000","29836500000","31026600000","33334100000","35618300000","38388400000","42056200000","46309500000","51318300000","54963000000","59664800000","64910700000","64506500000","65372700000","72431600000","80590000000","88777000000","97495700000","104016600000","110923100000","123634500000","137352600000","147208200000","158206700000","171363500000","167608900000","177193400000","193208700000","191139700000","198638800000","207673400000","228316100000","245134600000","267213300000","291320000000","296748700000","297128400000","340270700000","361418300000","377449000000","395633100000","411203400000","423444100000","439313000000","458980600000","474824500000","481035400000","462685300000","507828600000","528690200000","538319800000","561941400000","",
"Solomon Islands","SLB","GDP (constant LCU)","NY.GDP.MKTP.KN","","","","","","","","","","","","","","","","","","","","","3800691473.5791","3732392310.84403","3670077574.77613","3812865306.12094","3819354814.37126","3699720288.55549","3692267935.72508","4003205271.6293","4053253196.96843","4226094318.5013","4319068393.45833","4578212564.28524","5159645479.75016","5366031274.94038","5800679874.00998","6385888156.45994","6488695057.43052","6429383376.10141","6512419649.96287","6480786826.5867","5555524917.84969","5113493683.34002","4970316735.39885","5294553700","5701368200","6120936400","6374175600","6606178700","7017473200","7218514200","7919300000","8507722800","8717516300","9174091600","9283213300","9438780100","9963099000","10269510300","10551495900","10736068200","10373053900","10349405900","10081927200","10368366700","10679164700","",
"Sierra Leone","SLE","GDP (constant LCU)","NY.GDP.MKTP.KN","13247346173.9407","13486996434.9026","14099436497.1974","14339086763.9517","15297688954.6718","16396086853.8888","16674820329.397","16680870213.39","17017811083.9963","18468655513.6164","20060744713.1533","20756033373.9468","20942886377.6471","21415487376.201","22164992664.4295","22534974389.7658","22433752615.058","22444223749.243","22984306324.8108","24021189429.1119","25184656645.0567","25910334534.168","27149303386.9323","26578407396.7304","27666270718.8785","26196820883.0167","26520625873.5032","28438403604.1512","26424964627.4876","26617866866.445","27509564872.3732","28156579200","22803194200","23116635500","22666465600","20853204400","21218932200","19971878400","20328378900","19926022000","21251646500","19903132700","25182266500","27570459800","29356707400","30634751600","31946871900","33144802300","34366539500","34892623600","37110282200","40116458200","44360110200","50864776800","46889686800","44843733800","47730520700","49261649400","50687210800","53476380700","52806135000","55920035000","58891376600","62254087100","64926794114.2285","",
"El Salvador","SLV","GDP (constant LCU)","NY.GDP.MKTP.KN","","","","","","8328081549","8924466940","9409676718","9714239008","10052820922","10352123066","10751534632","11409263385","11963944520","12602340732","12970774182","13625702317","14549533345","15323970935","14683388275","12358000000","11651000000","10916000000","11084000000","11232000000","11301000000","11323000000","11607000000","11825000000","11939000000","12516000000","12703000000","13595000000","14386000000","15061000000","15774000000","15902000000","16401000000","16836000000","17200000000","17394000000","17547000000","17823000000","18102000000","18263000000","18752600000","19565900000","19927400000","20356716500","19927440500","20356716500","21124894500","21734918100","22209381000","22593470000","23135713300","23723143500","24256349400","24841520300","25447025300","23438465800","26228759300","27003718200","27959422100","28686931900","",
"San Marino","SMR","GDP (constant LCU)","NY.GDP.MKTP.KN","","","","","","","","","","","","","","","","","","","","","","","","","","","","","","","","","","","","","","1018000000","1094000000","1193000000","1219000000","1287000000","1291000000","1341000000","1402000000","1436000000","1491000000","1597000000","1589000000","1425000000","1347000000","1235000000","1148000000","1139000000","1131000000","1156916927.89822","1184039756.15761","1187097721.95536","1204831837.95557","1229719870.28249","1147969189.99727","1307511531.63546","1410784564.51405","1416455000","","",
"Somalia, Fed. Rep.","SOM","GDP (constant LCU)","NY.GDP.MKTP.KN","30655795169329.1","29655808893477.7","31754448305084","32646368065196.3","30651471481695.5","28829645644047.1","31452755554658.7","33321346028031.6","33997761796731.3","33419946132663","34951050192129.6","35698431139631.9","41010697678269.2","36028158028238.5","36299266803314.9","41633515134524.2","40864152394444.9","46440200443963.1","49133462068550.8","46683201492800","47520205105453.2","50496967953677.3","51894223984476.4","45886698054952.6","47385204522765.4","51900974013609.9","50787219206452","55910491319383.5","57819973099743.3","60021563787856.6","61418223853666.5","63230412059808.1","57863210145645.5","60172297337563.3","49433353756771.1","51406039401465.3","55542177068354.3","56197847939941.8","59899315403174","64282924309195.5","68853642276095.1","73749352656791.8","79376625391556.7","85433274077418.8","91507848390739.3","98014344030848","104371917755878","111358941241923","118813700669464","126767507928075","135253771036041","144308134461918","153968628839971","170842510650235","186180761345914","205659342847719","220127215607918","252564712169840","257753187120000","264971135000000","257645857040000","266527421160000","273772201560000","285202855080000","296928666320000","",
"Serbia","SRB","GDP (constant LCU)","NY.GDP.MKTP.KN","","","","","","","","","","","","","","","","","","","","","","","","","","","","","","","","","","","","2961768200000","3144360100000","3425252500000","3608251400000","3235681200000","3431604600000","3664216700000","3903894800000","4081900300000","4354851600000","4611940100000","4791836500000","5167136500000","5433806900000","5263043500000","5347829700000","5350732100000","5326977200000","5351032700000","5254485600000","5322570000000","5480927000000","5610463400000","5871313500000","6150213100000","6091784600000","6576024000000","6753805300000","7006933400000","7283702100000","",
"Sub-Saharan Africa (excluding high income)","SSA","GDP (constant LCU)","NY.GDP.MKTP.KN","","","","","","","","","","","","","","","","","","","","","","","","","","","","","","","","","","","","","","","","","","","","","","","","","","","","","","","","","","","","","","","","","","",
"South Sudan","SSD","GDP (constant LCU)","NY.GDP.MKTP.KN","","","","","","","","","","","","","","","","","","","","","","","","","","","","","","","","","","","","","","","","","","","","","","","","","26896000000","28252000000","29804000000","28421000000","15324000000","17336000000","17920855700","15986592400","","","","","","","","","","",
"Sub-Saharan Africa","SSF","GDP (constant LCU)","NY.GDP.MKTP.KN","","","","","","","","","","","","","","","","","","","","","","","","","","","","","","","","","","","","","","","","","","","","","","","","","","","","","","","","","","","","","","","","","","",
"Small states","SST","GDP (constant LCU)","NY.GDP.MKTP.KN","","","","","","","","","","","","","","","","","","","","","","","","","","","","","","","","","","","","","","","","","","","","","","","","","","","","","","","","","","","","","","","","","","",
"Sao Tome and Principe","STP","GDP (constant LCU)","NY.GDP.MKTP.KN","","","","","","","","","","","1001301242","1055124488","1079297735","1096483404","1158805058","1221126712","1241145182","1531790714","1576171286","1833767456","1813937839","1626850064","1677165016","1612192121","1514969520","1655859959","1559288238","1513599323","1543852086","1592256722","1557981075","1576692500","1587729300","1605194300","1640508600","1673318800","1698418600","1715340300","1758223600","1802179300","1810259700","1865734800","1928427000","2088322900","2162205800","2305227600","2509611600","2600998400","2763009000","2854254600","2895597200","2953492700","3040412300","3196071600","3352877600","3404502000","3580747100","3728022500","3891240100","3969622000","4073819000","4151193000","4158196000","4173675000","4219585400","",
"Suriname","SUR","GDP (constant LCU)","NY.GDP.MKTP.KN","3552849843","3723386635","3868598714","4085240242","4350780858","4872874561","5808466476","6511290920","7006149030","7321425736","7519104231","7812349296","7765475200","7625696647","7656199433","7870573017","8563183443","9436628154","10059445612","9999088939","9119169112","9766630119","9356431654","8991530819","8820691734","8997105569","9069082413","8506799304","9170329649","9555483494","9125486737","9371874800","9409362300","8778935200","9077418900","9077418900","9168193200","9690780000","9913668100","9774876700","9980149000","10399315300","10690496200","11363997400","12329937200","12884784400","13631270000","14328030700","14921699300","15371394400","16165914900","17111518700","17571878400","18087339200","18133552900","17514647000","16654387000","16915201000","17752211000","17959484000","15090422000","14722912000","15077178000","15441531912.8022","15707274094.3146","",
"Slovak Republic","SVK","GDP (constant LCU)","NY.GDP.MKTP.KN","","","","","","","","","","","","","","","","","","","","","","","","","","","","","","","44314872000","37856510000","35311989000","35983386000","38216346000","40449516000","42924856000","45279645000","47012093000","46789603000","47158878000","48538351000","50682413000","53143905000","56008095000","59640182000","64963478000","71991636000","75852819000","71676865000","76544141000","78505527000","79737413000","80298225000","82472662000","86742172000","88431752000","90973929000","94669399000","96823979000","94320583000","99655222000","100197936000","102314754000","104298304000","",
"Slovenia","SVN","GDP (constant LCU)","NY.GDP.MKTP.KN","","","","","","","","","","","","","","","","","","","","","","","","","","","","","","","26513343981.3364","24153627751.1103","22833946528.4252","23483211374.0882","24734276111.9515","25750152000","26500413000","27870839000","28724753000","30237975000","31295675000","32180931000","33237297000","34299239000","35858490000","37240522000","39440983000","42256766000","43681765000","40366063000","40814989000","41082506000","39884730000","39556169000","40649040000","41621896000","42884877000","45103913000","47079051000","48729291000","46738699000","50672632000","52024834000","53260857000","54183014000","",
"Sweden","SWE","GDP (constant LCU)","NY.GDP.MKTP.KN","1180169286000","1247218159000","1300337769000","1369618905000","1463042863000","1518953157000","1550712102000","1602899591000","1661221183000","1744433001000","1857361906000","1874907405000","1917819138000","1993917840000","2057687233000","2110217162000","2132545473000","2098504533000","2135260848000","2217254939000","2254947640000","2265203828000","2293488628000","2337079560000","2435927164000","2488552295000","2555527280000","2641235652000","2708825894000","2780739991000","2801725534000","2769618464000","2737529865000","2680983000000","2788645000000","2902823000000","2952308000000","3042796000000","3171988000000","3305247000000","3458317000000","3505378000000","3585221000000","3652660000000","3805326000000","3911614000000","4094524000000","4226567000000","4187551000000","4009345000000","4239913000000","4374059000000","4355933000000","4405489000000","4506629000000","4704391000000","4804650000000","4895113000000","4981769000000","5111705000000","5012855000000","5274820000000","5341042000000","5330143000000","5373854000000","",
"Eswatini","SWZ","GDP (constant LCU)","NY.GDP.MKTP.KN","","","","","","","","","","","6004565852.07373","6829811389.89878","7200280458.63641","7849650261.46415","8300493896.30102","9454963450.44032","9254571384.34361","9348004880.6939","9472064938.99977","9766356791.87245","10982175644.1642","12590124419.7379","12737752174.7048","12890905161.9267","13685211166.4903","14204211262.2039","15946283633.1956","18275491941.4916","19476159153.28","21990746330.9471","26612761512.6866","27081246362.0955","27954943303.6995","28823255718.6986","29515213169.8547","30939514394.8748","32128227204.7593","33125103473.8288","33987694273.0982","34990628752.6115","35606524500","36109364800","37585749600","39291637200","40712862600","43152492500","46056141500","48044717400","48736827300","49435280300","51325900400","52270161600","54408263100","56636055800","57801275700","58786358600","60520067200","62650950600","62691921600","66724183800","64754596300","67497742900","67758332000","70151947000","72238203300","",
"Sint Maarten (Dutch part)","SXM","GDP (constant LCU)","NY.GDP.MKTP.KN","","","","","","","","","","","","","","","","","","","","","","","","","","","","","","","","","","","","","","","","","","","","","","","","","","2298911500","2372476500","2481610500","2516118400","2548997300","2589281200","2592021000","2617105500","2419901000","2253968800","2501116500","2168048100","2267292600","2582446271.4","2680579229.7132","2760996606.6046","",
"Seychelles","SYC","GDP (constant LCU)","NY.GDP.MKTP.KN","1777717149","1690924085","1833106811","2018903239","2138407097","2115727770","2409740039","2421902948","2604834985","2604834985","2835932555","3285478224","3492736308","3808975161","3858600381","3981203746","4629250067","4342688988","5261241210","6092219567","5781475125","5557339874","5442243229","5408706208","5641584700","6222314854","6269725572","6575346629","6925576575","7637917461","8207306360","8433863000","9038827700","9698966800","9462644800","9508542100","10459201000","11734558500","12024101800","12249193600","12770176100","12480144600","12631507900","11887874800","11549016400","12589093300","13773239600","14995761500","14586985100","14225318900","14866188300","16279930600","16786346900","16996803200","17687500900","19264166300","21598506900","23100502100","24241545100","25578294700","22575438500","22700118500","25585410000","26163449200","27070190800","",
"Syrian Arab Republic","SYR","GDP (constant LCU)","NY.GDP.MKTP.KN","105260113900","116663009300","145270292500","132700422100","145003561000","148337735000","136976450700","148287531300","153817292300","182685591300","179403000000","195470000000","245629000000","219912000000","276640000000","321875000000","361319000000","354817000000","390095000000","393559000000","450657000000","485607000000","499151000000","510733000000","471863000000","515986000000","474950000000","482940000000","569923000000","492144000000","510548000000","549689000000","620999000000","659196000000","706744000000","756404000000","830725000000","872459000000","931658000000","898552000000","904623000000","914097000000","950248000000","1018708000000","1089029000000","1156713000000","1215083000000","1284034000000","1341516000000","1420827000000","1494595000000","1537191000000","1132310000000","834511477400","748470507500","717186000000","671246000000","666391000000","675675000000","683923000000","679155000000","691748000000","696817000000","","","",
"Turks and Caicos Islands","TCA","GDP (constant LCU)","NY.GDP.MKTP.KN","","","","","","","","","","","","","","","","","","","","","","","","","","","","","","","","","","","","","","","","","","","","","","","","600177000","649823000","522781000","527930000","552323000","537595000","543352000","590685000","657520000","705198000","1231191000","1314329000","1379805000","913195000","1183769000","1350528000","1535971000","1622551000","",
"Chad","TCD","GDP (constant LCU)","NY.GDP.MKTP.KN","1380655287330.23","1399953309224.12","1474992432069.47","1451400606390.73","1414956813759.88","1423534675129.41","1397810088317.69","1408534106637.05","1402094022959.88","1498576462308.99","1526444836576.43","1492136059868.64","1509289896169.69","1382798075720.02","1451410477751.43","1582186441496.93","1629347705444.23","1665757514148.95","1657934547372.79","1302455347245.83","1223687136213.4","1236449190876.13","1302557294588.15","1506781576712.93","1537654008026.58","1872751463676.81","1796311975504.65","1753401522395.34","2024869442031.67","2123778950446.59","2035037433743.34","2208730670053.82","2385461003380.24","2010708966975.81","2214532275558.01","2241916059313.55","2291562685854.13","2421113714996.49","2589419369654.73","2571737513819.79","2549114426913.24","2846293619304.5","3087978382590.26","3542580277505.22","4733927772130.62","5554437400242.1","5524286271547.32","5756315917268.21","5933678967171.48","5850115997150.25","6650050753939.96","6948999108563.74","7578703782376.62","7793803708705.29","7954576687694.71","8217408612678.49","7878645669252.02","7751211000000","8196217000000","8637404774223.75","8603403925460.55","8628649981770.64","8984987251776.31","9342593669400","9734913332000","",
"East Asia & Pacific (IDA & IBRD countries)","TEA","GDP (constant LCU)","NY.GDP.MKTP.KN","","","","","","","","","","","","","","","","","","","","","","","","","","","","","","","","","","","","","","","","","","","","","","","","","","","","","","","","","","","","","","","","","","",
"Europe & Central Asia (IDA & IBRD countries)","TEC","GDP (constant LCU)","NY.GDP.MKTP.KN","","","","","","","","","","","","","","","","","","","","","","","","","","","","","","","","","","","","","","","","","","","","","","","","","","","","","","","","","","","","","","","","","","",
"Togo","TGO","GDP (constant LCU)","NY.GDP.MKTP.KN","450952054210","505829840881","524918102996","551162403318","629901526334","727282492638","795710459439","839477491231","881650253561","977140631780","1001806618596","1001806618596","1078195951579","1119571548736","1173678752460","1202322865776","1177656940615","1259611092513","1398740610783","1326457295740","1519814393553","1469429718373","1416788830726","1340083773138","1414532864753","1493117975925","1516806357034","1524544529422","1625810414379","1691818669736","1687696449763","1675883123200","1609171464700","1366253716500","1570951509300","1694205730600","1843909334400","2109015141500","2060510396400","2111647142800","2095102818000","2112354706500","2193186548600","2340572444300","2317666073200","2209516835500","2268071950400","2241419000000","2331874000000","2459050000000","2603011000000","2754591000000","2928205000000","3098751000000","3273311000000","3452297000000","3597808000000","3742005000000","3921441000000","4114487000000","4203454000000","4419045000000","4697199000000","4988055000000","5313877000000","",
"Thailand","THA","GDP (constant LCU)","NY.GDP.MKTP.KN","377461463400","397701499300","427744882500","461963749300","493520475200","533898650100","593281626200","644398666300","696738467500","742379434800","827069702600","867557855800","904676388400","997282980900","1041824165800","1093607048600","1195605712000","1313294720700","1448508216400","1526318695700","1605283419300","1700105388100","1791100957600","1891119661500","1999905001000","2092845393300","2208659852800","2418900992000","2740327315100","3074387080500","3417708910700","3710205336300","4010115630100","4341027000000","4688180000000","5068875000000","5355365000000","5207901000000","4810328000000","5030271000000","5254382000000","5435356000000","5769578000000","6184367000000","6573323000000","6848590000000","7188815000000","7579538000000","7710338000000","7657089000000","8232396000000","8301559000000","8902824000000","9142087000000","9232088000000","9521426000000","9848502000000","10259941000000","10693205000000","10919319000000","10258696000000","10417928000000","10686750000000","10902382000000","11179501000000","",
"Tajikistan","TJK","GDP (constant LCU)","NY.GDP.MKTP.KN","","","","","","","","","","","","","","","","","","","","","","","","","","4333977300","4485666500","4431838500","5047864100","4719752900","4691434400","4358342600","3094423200","2586937800","2035920100","1783133700","1485350400","1510314300","1590555300","1649398700","1786700000","1957880800","2169332000","2407958500","2655978200","2833928700","3032303800","3268823500","3527060500","3664615900","3902815900","4191624300","4505996100","4839439800","5163682300","5474500000","5852240500","6267749600","6744098500","7243161800","7561861000","8272675900","8934490000","9676052600","10488841000","",
"Turkmenistan","TKM","GDP (constant LCU)","NY.GDP.MKTP.KN","","","","","","","","","","","","","","","","","","","","","","","","","","","","12313430000","13670816000","13089079100","17720591900","16904512000","14374585000","14590203800","12066118900","11197353400","11947575200","10585551600","11337125800","13207751500","13930091900","14535193600","14572575200","15048927700","15801435400","17861000000","19820942600","22013000000","25248911000","26789094600","29253691300","33553983900","37278476100","41080880700","45312211400","48257505100","51249470400","54580686000","57964688500","61616463900","65251835300","69297449100","73593890900","78230422000","83158490000","",
"Latin America & the Caribbean (IDA & IBRD countries)","TLA","GDP (constant LCU)","NY.GDP.MKTP.KN","","","","","","","","","","","","","","","","","","","","","","","","","","","","","","","","","","","","","","","","","","","","","","","","","","","","","","","","","","","","","","","","","","",
"Timor-Leste","TLS","GDP (constant LCU)","NY.GDP.MKTP.KN","","","","","","","","","","","","","","","","","","","","","","","","","","","","","","","481437171","533019700","588771000","648853700","695070500","741510000","800698700","832726600","816072100","526754700","832683824.110499","968808407.523011","903891514.014501","884166185.640804","887702850.383367","914197145.43514","876567942.615423","966550959.127512","1076687589.30728","1185938555.87868","1296604389.24956","1373863275.11908","1440641566.66867","1485364408.5294","1551797320.25427","1590282481.209","1638148927.6426","1586016227.92808","1578617424.61222","1960846150.29463","2582939160.19459","2721637869.56849","2163090321.40922","1770794315.57733","1609639748.89987","",
"Middle East, North Africa, Afghanistan & Pakistan (IDA & IBRD)","TMN","GDP (constant LCU)","NY.GDP.MKTP.KN","","","","","","","","","","","","","","","","","","","","","","","","","","","","","","","","","","","","","","","","","","","","","","","","","","","","","","","","","","","","","","","","","","",
"Tonga","TON","GDP (constant LCU)","NY.GDP.MKTP.KN","","","","","","","","","","","","","","","","","","","","","","535477993.279732","560866426.208654","571985057.458088","581928400.058938","620093962.03684","633231650.136319","652137652.958733","639865257.358618","642360135.526921","629229706.508588","669594500","671281700","696374600","730862700","776382000","777103400","772436600","790145300","808338100","838683900","851201100","888902700","889363200","871861000","866127200","847369800","826488000","866678800","822225300","829003700","884577600","892713600","896230200","914069987.058995","924250387.215394","985238937.824831","1016789406.98614","1022156298.71717","1019241019.05729","1037650421.44429","1027949154.71339","1006068799.2707","1034139564.17558","","",
"South Asia (IDA & IBRD)","TSA","GDP (constant LCU)","NY.GDP.MKTP.KN","","","","","","","","","","","","","","","","","","","","","","","","","","","","","","","","","","","","","","","","","","","","","","","","","","","","","","","","","","","","","","","","","","",
"Sub-Saharan Africa (IDA & IBRD countries)","TSS","GDP (constant LCU)","NY.GDP.MKTP.KN","","","","","","","","","","","","","","","","","","","","","","","","","","","","","","","","","","","","","","","","","","","","","","","","","","","","","","","","","","","","","","","","","","",
"Trinidad and Tobago","TTO","GDP (constant LCU)","NY.GDP.MKTP.KN","25155237044","28686295494","29473006576","31124849891","33499831491","33732270166","35100728175","35817666766","37685608811","38714683931","40082719815","40499714710","42840738681","43550361573","45208586886","45876754145","48815226943","53268049622","58603633424","60712993565","67021565455","70089282285","72752197053","65258481777","61505527722","58971856986","57038073643","54436123041","52302377234","51868312372","52651092263","54289809000","59769268300","59369343300","61487155000","63829762200","68383682200","73528087200","79501923700","85881808100","91808820500","95635893200","103226236400","118133126400","127524770800","135442704600","153332056400","160621783900","166069652500","158776323000","164052817000","163569920300","174546682600","180425751600","187048943700","186288995100","172249580100","163856289600","162307110800","163066277200","148734711200","147668669100","148940481500","151124633300","154916664900","",
"Tunisia","TUN","GDP (constant LCU)","NY.GDP.MKTP.KN","","12040118223","11487466622","10254402562","9774911840","9526952411","9856096031","9872058222","10899712689","11417210927","11950352636","13212333474","15556560578","15454720565","16702655611","17897914334","19307706674","19966311055","21252236034","22647981136","24328175880","25669649216","25542908505","26738806379","28275978448","29873167799","29440906522","31413850922","31436518867","31985620268","34528419325","35876597100","38677027000","39523987700","40780222600","41739238800","44721958600","47155255100","49411050500","52402709000","54870862400","56953909400","57707157400","60420778500","64188491800","66426452800","69909922300","74600543200","77761951200","80128597400","82509324400","80820660600","84228606900","86275303900","88941493800","89802300000","90805600000","92851100000","95271700000","96748500000","88065200000","92236000000","94774600000","94949000000","96481900000","",
"Turkiye","TUR","GDP (constant LCU)","NY.GDP.MKTP.KN","123186875433.171","124611001186.881","131553614123.08","143480666744.716","151313357837.005","155585735198.702","173031275907.924","181219998765.482","193503083051.819","201400225652.085","207912520020.051","219486374838.041","235784968437.14","243477062851.675","257098324809.342","275542848354.678","304367880475.67","314736689154.405","319466970754.138","317473134037.282","309703453939.615","324744662915.244","336316055062.821","353034597826.925","376730335502.077","392708733776.238","420245592362.451","460108151259.748","470786050417.989","472152479005.969","515902820223.753","519618760081.946","545784863914.065","587544311290.045","560116877010.53","604244379400","647494974400","695136763500","708403939700","686777992800","734751406500","694638326600","739341837500","782216959800","859855165100","938201534500","1004510110800","1055822347000","1065537160800","1013510241600","1100086298100","1220875361400","1279570494500","1388183725200","1452051205300","1536351110600","1587414276000","1711643052000","1771005452900","1794057278800","1826405252300","2042123701700","2153240249400","2261873883500","2337140521100","",
"Tuvalu","TUV","GDP (constant LCU)","NY.GDP.MKTP.KN","","","","","","","","","","","19854726.2430617","19540286.9435503","19159251.3481511","18789382.000875","18474077.3815183","18195765.4057657","18041992.9923216","17366951.8245139","17048702.4323297","16981053.1810782","16872459.3459852","17311193.9063589","14539827.562696","15844573.528862","17026737.1598504","16714279.50623","20489283.1041096","23000634.0448972","27441366.4599455","26906863.5240387","31044062.8594949","32164500","33061500","34420600","37960200","36060500","33910800","37303000","43085400","42411600","42000000","42000000","46000000","44000000","43000000","41000000","42000000","45000000","48000000","45000000","44000000","47000000","46000000","48000000","48000000","53000000","56000000","57371100","58167000","66206900","63376600","64520000","64957000","67459669.2689068","","",
"Tanzania","TZA","GDP (constant LCU)","NY.GDP.MKTP.KN","15995013624475","16177084280974","17648672772162","18753480227675","19787014284858","20650662187614","23055158287904","24328554295994","25857740691511","26701127064764","14302983351609","14861008636157","15918416241305","16904078592906","17261327820893","17949955651538","18543383369104","18552579561462","18939216729905","19412730086637","19944246744434","19749028278377","19676419064572","19599360455441","20515233094309","20770628053771","21912122252453","22963141536081","24629217450032","25556370403033","27356835007035","27923665404000","28086829561000","28425500779000","28871116486000","29901789900000","31260636914000","32362661329000","33562834378000","35195284914000","36786387947000","39019619035100","41787356695100","44575739183100","47920620034100","51503318579100","54867629371100","58581364180100","61912544749100","65174781894100","69304597217100","74621753639100","77979847142100","83268117227300","88874111468100","94349315551900","100828392681400","107611390861799","113532897033400","120117805061300","122510509224200","127804659129300","133640227232200","140415150000000","148174931854700","",
"Uganda","UGA","GDP (constant LCU)","NY.GDP.MKTP.KN","","","","","","","","","","","","","","","","","","","","","","","15452165464000","16339824027000","16283504464000","15745109928000","15806529546000","16432768881000","17791277970000","18923148621000","20148259784000","21267313373000","21994306046000","23825616305000","25351321986000","28272616628000","30837540803000","32410255959000","34000065058000","36738412746000","37892699632000","39856928772000","43337509117000","46142858184000","49283910212000","52404845918000","58056574596000","62940540952000","68421876509000","73075602310000","77195320970000","84445239572000","87685788152000","90830994796000","95469104537000","100421907890000","105223079600000","108518040920000","115358935510000","122786603240000","126410412147000","130881017931600","136885867725800","144191429465700","152923057924200","",
"Ukraine","UKR","GDP (constant LCU)","NY.GDP.MKTP.KN","","","","","","","","","","","","","","","","","","","","","","","","","","","","4139940476000","4246190527700","4410649869400","4130783764500","3771405577000","3398036424800","2915515252500","2247862259700","1973623064000","1776260757600","1722972934900","1690236449100","1686855976200","1786380478800","1943581961000","2047362380900","2242201871200","2506677486300","2583663327100","2779283348700","3007624945500","3075100758400","2609639118900","2716425665600","2864342671100","2868705493700","2870009007500","2580743813600","2328528050700","2385367000000","2441661000000","2526834982800","2607681165700","2509819639100","2596298503100","1849639811600","1952012446800","2008890619100","",
"Upper middle income","UMC","GDP (constant LCU)","NY.GDP.MKTP.KN","","","","","","","","","","","","","","","","","","","","","","","","","","","","","","","","","","","","","","","","","","","","","","","","","","","","","","","","","","","","","","","","","","",
"Uruguay","URY","GDP (constant LCU)","NY.GDP.MKTP.KN","496120841180","508489321870","500482909100","501336026540","513571236440","518941158110","534835578170","515277528300","525010666050","555801179910","568769207410","567337549730","559851134410","561391842590","577646070980","612864656960","636983762750","646254814130","680984453150","723199474330","765458918930","777396708740","701539337160","629460385150","622268060950","631393846260","687018433700","741932759730","752920319910","761231815030","763495325490","790513963000","853214276900","875888839700","939665307300","926062722000","977718109500","1061290356100","1109248900900","1092377825000","1071295690700","1030113692100","950465227100","958119170700","1006064990400","1081118768000","1125429257000","1199049333900","1285094848700","1339627774000","1444164417000","1518714105300","1572448924600","1645371850900","1698662010100","1704959651000","1733770029000","1763944154000","1766850739000","1783253318000","1652053539000","1748604060000","1827050408000","1840609475000","1897820307000","",
"United States","USA","GDP (constant LCU)","NY.GDP.MKTP.KN","3714876318784.3","3800318474116.33","4032137901037.43","4209551968683.07","4453705982866.7","4738743165770.16","5046761471545.23","5172930508333.86","5421231172733.87","5589289339088.62","5601396103000","5785834530000","6089909177000","6433725947000","6398948429000","6385790963000","6729859546000","7041060803000","7430798057000","7666056248000","7646371676000","7840413747000","7699050006000","8051958366000","8634634562000","8994662156000","9306116280000","9627608134000","10029751630000","10398067965000","10594171948000","10582697095000","10955472301000","11256944535000","11710489389000","12024849365000","12478519598000","13033455329000","13617762512000","14269838863000","14851703780000","14993617505000","15248576073000","15674866175000","16277999239000","16845051471000","17314108606000","17661058808000","17681119519000","17225565434000","17689827595000","17966568471000","18377843595000","18767055098000","19240701753000","19807446331000","20167833206000","20663482372000","21276465624000","21826212333000","21354105000000","22647107361000","23216087697000","23886465232000","24553614511000","",
"Uzbekistan","UZB","GDP (constant LCU)","NY.GDP.MKTP.KN","","","","","","","","","","","","","","","","","","","","","","","","","","","","36422539118000","39751042822000","40979864413000","41635542246000","41430695376000","36790457495000","35944276971000","34075174571000","33768497998000","34342562465000","36128375712000","37681895868000","39302217391000","40809457428000","42508697226000","44197775291000","46068502430000","49500145455000","52940409126000","56885220553000","62273960514000","67896776681000","73363100903000","78936618900000","84876709900000","90905031442600","97537962850400","104242564835200","111767599489800","118397822037000","123601731475600","130472993653000","139318963458700","141496996404800","152865831699300","162039833553000","172234434136000","183429672354800","",
"St. Vincent and the Grenadines","VCT","GDP (constant LCU)","NY.GDP.MKTP.KN","443282098","463350735","480468124","450365169","466892335","471024029","471024029","426164579","453906640","466892205","517063926","532410645","669940241","595567931","543035316","501717337","553779643","627041429","688350241","711631739","729014912","762650961","796793694","814072931","867690534","921308136","972899001","977160347","1114692681","1130360922","1177261708","1190630400","1266568100","1320406500","1303932800","1405204700","1423302500","1473191400","1533447800","1575009000","1600823900","1628810000","1715823100","1830634600","1905959700","1953390600","2090067900","2159520200","2168258500","2138375700","2042780300","2030395400","2054133000","2104715700","2128830000","2188120000","2278920000","2314200000","2387690000","2403650000","2301040000","2349210000","2422290000","2551310000","2654940000","",
"Venezuela, RB","VEN","GDP (constant LCU)","NY.GDP.MKTP.KN","13026609836.0684","13442486887.3137","14589525389.4957","15158655649.9727","16845714779.0749","17546979424.0542","17811982700.2864","18316750961.835","19660693595.3309","19799505326.4935","21326426225.1825","21641906173.7366","21919529636.0616","23477998963.958","23963836991.6122","24657891484.8855","26563389190.5433","28229121820.3948","28891630056.2204","29112464717.1524","27825308803.7797","27466829386.3974","28193271069.7083","25414674717.4675","26742058483.1807","26974031277.7342","28614000640.1104","29987779961.3888","31940091126.2793","27494124093.2433","29272403423.8032","32120581823.4873","34067201302.9053","34161025921.8466","33358469967.1237","34676666367.3843","34608031332.7612","36812910755.5663","36921161019.3805","34716798553.5497","35996787532.7462","37218603492.8274","33922655217.8405","31291851520.9061","37014069334.279","40833149103.6592","44864258468.8728","48791486690.5069","51366630182.9568","49721715219.5449","48981462673.6168","51027136902.0441","53897901669.7715","54621801172.6677","52494617135.6674","49228732234.6056","40839991542.6607","34439789484.72","27670531216.1339","20017424583.9514","14012483474.8331","14146363426.1258","15278201671.5866","15889587315.376","16731735443.0909","",
"British Virgin Islands","VGB","GDP (constant LCU)","NY.GDP.MKTP.KN","","","","","","","","","","","","","","","","","","","","","","","","","","","","","","","","","","","","","","","","","","","","","","","","","","","","","","","","","","","","","","","","","","",
"Virgin Islands (U.S.)","VIR","GDP (constant LCU)","NY.GDP.MKTP.KN","","","","","","","","","","","","","","","","","","","","","","","","","","","","","","","","","","","","","","","","","","","4797000000","4778000000","4935000000","5107000000","5286000000","5498000000","5565000000","5198000000","5229000000","4800000000","4089000000","3832000000","3764000000","3748000000","3808000000","3780000000","3851000000","3963000000","3899000000","4042000000","3989000000","","","",
"Viet Nam","VNM","GDP (constant LCU)","NY.GDP.MKTP.KN","","","","","","","","","","","","","","","","","","","","","","","","","530956366485830","551163799454919","566537364876432","586839059296787","616973313485056","662410392708944","696199404585810","737698764550000","801480549840000","866181915900000","942743570460000","1.0326858339E+15","1.1291388715E+15","1.2211872224E+15","1.2915820159E+15","1.3532368056E+15","1.4450852693E+15","1.5345778583E+15","1.6315757777E+15","1.7441392265E+15","1.8755847202E+15","2.0171397454E+15","2.1578948453E+15","2.3117420551E+15","2.4426276012E+15","2.5744781364E+15","2.73984317E+15","2.91555394E+15","3.07604191E+15","3.24687023E+15","3.45539213E+15","3.69682571E+15","3.94414368E+15","4.21787476E+15","4.5327394E+15","4.8663156E+15","5.00575565E+15","5.13358906E+15","5.57186925E+15","5.85408576E+15","6.2692099556819E+15","",
"Vanuatu","VUT","GDP (constant LCU)","NY.GDP.MKTP.KN","","","","","","","","","","","","","","","","","","","","27198586261","24098000000","25153000000","25651000000","26423000000","28953000000","29243000000","29199000000","28354000000","27874000000","28301000000","31611000000","32606000000","33449000000","33695000000","36755000000","37124000000","37988000000","39852000000","40321000000","40457000000","42854000000","41398000000","39246000000","40929000000","42561000000","44819000000","48611000000","50009000000","52810000000","54414000000","55099000000","56829000000","57403000000","57669000000","59154000000","61500000000","63635000000","66443000000","68370000000","70586000000","67062000000","66021000000","69445000000","70899000000","71567000000","",
"World","WLD","GDP (constant LCU)","NY.GDP.MKTP.KN","","","","","","","","","","","","","","","","","","","","","","","","","","","","","","","","","","","","","","","","","","","","","","","","","","","","","","","","","","","","","","","","","","",
"Samoa","WSM","GDP (constant LCU)","NY.GDP.MKTP.KN","","","","","","","","","","","796602992","904252046","918605253","985586885","880330034","846839217","925781856","918605253","976018081","1082492791","1015453159","923766651","914893742","918837263","930667827","967145319","1020382590","1025312018","1010523946","1047987238","1001650997","978612900","976655800","1016698600","990853100","1056979100","1132859300","1140148400","1165173400","1190637500","1251277200","1343748200","1419696300","1493699800","1539814200","1642045600","1677056100","1685206300","1745134000","1735681000","1841986600","1912886100","1841494700","1843470500","1855636000","1927084700","2080940500","2110204400","2097339600","2190710200","2122608800","2015554914.48073","2061248563.30521","2375251143.90045","2488037200","",
"Kosovo","XKX","GDP (constant LCU)","NY.GDP.MKTP.KN","","","","","","","","","","","","","","","","","","","","","","","","","","","","","","","","","","","","","","","","","","","","","","","","","3537600000","3715713000","3899267400","4145693700","4216676100","4441880300","4590630200","4862222500","5133134600","5380842000","5564147500","5828822900","5517547700","6110444400","6371879700","6631064000","6934309000","",
"Yemen, Rep.","YEM","GDP (constant LCU)","NY.GDP.MKTP.KN","","","","","","","","","","","","","","","","","","","","","","","","","","","","","","","147959402583.236","157271218500","170179408100","176989930800","188887103900","199595815200","208847016000","219772037400","232973072500","241769041900","256715000000","266479529500","276966115900","287345139100","298760489100","315466423000","325468000000","336333514700","348601513300","362079247900","389964006600","340380485200","348525756900","365336963300","364647608100","262566164800","237950261800","225881910700","227581553700","","","","","","","",
"South Africa","ZAF","GDP (constant LCU)","NY.GDP.MKTP.KN","837119000000","869304000000","923009000000","991069000000","1069756000000","1135255000000","1185642000000","1270967000000","1323755000000","1386182000000","1458938000000","1521365000000","1546541000000","1617248000000","1716080000000","1745175000000","1784439000000","1782762000000","1836503000000","1906116000000","2032312000000","2141260000000","2133050000000","2093662000000","2200421000000","2173762000000","2174150000000","2219823000000","2313058000000","2368451000000","2360925000000","2336885000000","2286945000000","2315155791600","2389240777000","2463307241100","2569229452400","2636029418200","2649209565300","2712790594800","2826727799800","2903049450400","3010473149200","3099254274300","3240411666900","3411409874700","3602578681600","3795693977100","3916816237700","3856572112700","3973801603300","4099713743500","4197952411900","4302291176100","4363118106800","4420792517400","4450170996100","4501701615500","4571783379100","4583667070600","4300904420700","4509870255300","4602689546400","4639792036300","4664607663900","",
"Zambia","ZMB","GDP (constant LCU)","NY.GDP.MKTP.KN","22032963700","22332916500","21776639400","22489256600","25236105200","29437274700","27797527300","29999007100","30373493700","30240787100","31691471800","31664204600","34580118500","34247440900","36448920700","35621774800","37837796600","36110790200","36310758700","35212746400","36281672400","38519510500","37436040400","36699789800","36576172100","37166990800","37436040400","38437702200","40851877800","40433758100","40239242600","40224702800","39528444500","42215301200","38574044900","39691793000","42160045600","43768032900","43599199400","45626644900","47404862600","49925316700","52174958600","55798495900","59722466600","64043744800","69105566700","74877565100","80698469000","88139149000","97215915400","102630114900","110427315800","116012218100","121457000000","125004000000","129698025600","134271000000","139688155300","141701489100","137755024600","146343943000","153970253100","162235288300","168432754600","",
"Zimbabwe","ZWE","GDP (constant LCU)","NY.GDP.MKTP.KN","12685776435.1879","13487030025.3237","13680497544.8851","14534754941.7631","14373975572.7456","15079819789.4604","15309505052.7958","16590452707.5936","16917307017.7715","19019829831.1022","23311683121.8653","25390522662.0733","27505496001.6607","28221935698.5583","30091682292.6311","29510544731.1559","29647721224.4109","27613679067.3656","26866198179.9522","27751986244.4373","31754012459.0275","35731337427.224","36672607029.4932","37253979871.7048","36543412320.1848","39081128575.2142","39901452846.6129","40360613708.9431","43408798410.9586","45665954544.5295","48857343950.1393","51560029800","46911601600","47404816200","51782762700","51864597500","57238152800","58772448000","60468206600","59973640000","58138975700","58975896300","53730572500","44599022300","42008916400","39609734500","38238682000","36841727000","30332162700","34357863900","41117913700","46954155700","54779267200","55869092800","57197093100","58215117600","58655104000","61432077800","64509776700","60424727500","55701356400","60418156600","64127386300","67558758600","68735899200","",
